month_end,circle,circle_code,zone,closing_base,gross_adds,churned_subscribers,net_adds,monthly_churn_pct,arpu_inr,data_traffic_pb,port_in_requests,port_out_requests,complaints_logged
2025-03-31,Uttar Pradesh East,UPE,North,44055279,1149072,1062008,87063,2.41,200.34,1750.4,509296,585497,33236
2025-04-30,Uttar Pradesh East,UPE,North,44277106,1373723,1078222,295501,2.44,202.27,1813.1,413075,571786,28821
2025-05-31,Uttar Pradesh East,UPE,North,44498613,1320147,1108882,211265,2.49,204.62,1890.9,405869,554103,41508
2025-06-30,Uttar Pradesh East,UPE,North,44831485,1424568,1147947,276621,2.56,205.73,1809.7,406047,507208,36183
2025-07-31,Uttar Pradesh East,UPE,North,45133876,1213051,1074858,138193,2.38,208.39,1888.3,488198,520791,36543
2025-08-31,Uttar Pradesh East,UPE,North,45344878,1324110,1076114,247995,2.37,209.6,1872.1,477538,551602,34443
2025-09-30,Uttar Pradesh East,UPE,North,45491166,1294127,1107951,186175,2.44,210.44,1787.6,434136,770213,32338
2025-10-31,Uttar Pradesh East,UPE,North,45607129,1310005,1126137,183868,2.47,211.88,1846.9,374859,506197,32086
2025-11-30,Uttar Pradesh East,UPE,North,45675060,1344621,1123249,221371,2.46,213.92,1896.9,415887,642717,28656
2025-12-31,Uttar Pradesh East,UPE,North,45796634,1467512,1086331,381181,2.37,216.11,1854.5,470674,519320,37862
2026-01-31,Uttar Pradesh East,UPE,North,46027895,1229208,1169967,59241,2.54,217.55,1853.1,363760,759316,43442
2026-02-28,Uttar Pradesh East,UPE,North,46253342,1355018,1091033,263984,2.36,219.09,1858.2,429588,741703,37252
2026-03-31,Uttar Pradesh East,UPE,North,46374546,1473941,1163442,310498,2.51,220.96,1854.3,348465,616701,33253
2026-04-30,Uttar Pradesh East,UPE,North,46609453,1244790,1041891,202899,2.24,223.06,1731.2,485783,718650,36700
2026-05-31,Uttar Pradesh East,UPE,North,46782654,1508935,1075467,433468,2.3,224.36,1984.9,444971,785101,34752
2026-06-30,Uttar Pradesh East,UPE,North,47058611,1469954,1204470,265484,2.56,225.6,1946.7,482921,784139,33256
2026-07-31,Uttar Pradesh East,UPE,North,47289392,1201280,1098823,102456,2.32,226.81,1926.6,424064,577094,39787
2026-08-31,Uttar Pradesh East,UPE,North,47515114,1392096,1187207,204888,2.5,227.36,1963.6,468830,860037,33285
2025-03-31,Maharashtra & Goa,MH,West,41346274,819624,622205,197418,1.5,199.87,1616.9,365556,322728,32492
2025-04-30,Maharashtra & Goa,MH,West,41582150,1066714,752237,314477,1.81,201.3,1725.4,420437,445880,27766
2025-05-31,Maharashtra & Goa,MH,West,41712554,1054644,771961,282683,1.85,202.77,1661.7,410057,432243,32627
2025-06-30,Maharashtra & Goa,MH,West,41829779,971549,796843,174705,1.9,204.69,1594.9,420260,341420,26571
2025-07-31,Maharashtra & Goa,MH,West,42006929,860938,668343,192595,1.59,205.87,1771.7,291281,492444,28522
2025-08-31,Maharashtra & Goa,MH,West,42231002,698642,617780,80862,1.46,207.08,1686.8,311627,337093,28095
2025-09-30,Maharashtra & Goa,MH,West,42428914,932838,719918,212920,1.7,206.43,1727.7,432699,442946,33164
2025-10-31,Maharashtra & Goa,MH,West,42649931,1101317,708635,392682,1.66,208.01,1867.6,385713,447122,39570
2025-11-30,Maharashtra & Goa,MH,West,42863100,725100,765426,-40325,1.79,208.72,1787.7,288212,451168,26977
2025-12-31,Maharashtra & Goa,MH,West,43092720,854064,723217,130847,1.68,210.09,1723.0,444642,367700,32998
2026-01-31,Maharashtra & Goa,MH,West,43218325,790309,696505,93803,1.61,211.04,1680.1,438981,463387,33536
2026-02-28,Maharashtra & Goa,MH,West,43500392,970007,806249,163758,1.85,214.1,1767.3,474072,470533,33092
2026-03-31,Maharashtra & Goa,MH,West,43668975,812806,711319,101486,1.63,215.4,1929.5,368864,390316,27802
2026-04-30,Maharashtra & Goa,MH,West,43884965,687466,719152,-31686,1.64,216.49,1981.7,456285,414935,21120
2026-05-31,Maharashtra & Goa,MH,West,44084982,1018350,788973,229377,1.79,219.14,1945.8,409793,415355,35967
2026-06-30,Maharashtra & Goa,MH,West,44369420,978466,754117,224348,1.7,220.06,1770.3,406456,465137,28963
2026-07-31,Maharashtra & Goa,MH,West,44552711,918709,719872,198836,1.62,220.98,1857.1,390253,436288,36044
2026-08-31,Maharashtra & Goa,MH,West,44544028,896703,698569,198134,1.57,223.07,1763.5,413424,481828,28312
2025-03-31,Bihar & Jharkhand,BH,East,36228201,896662,752660,144002,2.08,199.67,1464.2,418802,609782,19971
2025-04-30,Bihar & Jharkhand,BH,East,36358186,810228,797108,13120,2.19,201.07,1420.1,314477,554194,22236
2025-05-31,Bihar & Jharkhand,BH,East,36580639,1041168,862221,178947,2.36,202.01,1565.0,324658,544144,28071
2025-06-30,Bihar & Jharkhand,BH,East,36699688,952453,883397,69055,2.41,204.48,1496.2,331611,472859,23094
2025-07-31,Bihar & Jharkhand,BH,East,36908068,997890,791287,206603,2.14,206.97,1489.4,295056,525617,30737
2025-08-31,Bihar & Jharkhand,BH,East,37099551,1185365,924414,260951,2.49,208.84,1454.9,297730,597147,23409
2025-09-30,Bihar & Jharkhand,BH,East,37203548,1212083,859272,352810,2.31,210.15,1498.3,345687,444571,31670
2025-10-31,Bihar & Jharkhand,BH,East,37262559,1176153,834251,341902,2.24,211.37,1564.2,324709,741114,23892
2025-11-30,Bihar & Jharkhand,BH,East,37494606,970110,912013,58097,2.43,214.39,1541.8,412623,497921,29983
2025-12-31,Bihar & Jharkhand,BH,East,37577994,1134277,909515,224761,2.42,215.71,1468.4,322403,379790,23153
2026-01-31,Bihar & Jharkhand,BH,East,37841016,951224,905425,45799,2.39,216.92,1534.8,341945,440969,32143
2026-02-28,Bihar & Jharkhand,BH,East,38110599,1139283,912728,226554,2.39,219.53,1505.4,282053,468495,25642
2026-03-31,Bihar & Jharkhand,BH,East,38199576,1036539,832607,203932,2.18,220.8,1622.6,284323,550999,30362
2026-04-30,Bihar & Jharkhand,BH,East,38418924,1031149,901702,129446,2.35,223.88,1575.2,376644,539977,23640
2026-05-31,Bihar & Jharkhand,BH,East,38622779,1161785,866480,295305,2.24,225.95,1456.1,323675,693044,24633
2026-06-30,Bihar & Jharkhand,BH,East,38809275,954051,883200,70851,2.28,227.96,1537.0,489234,629783,37610
2026-07-31,Bihar & Jharkhand,BH,East,38946101,1136358,911622,224735,2.34,229.78,1576.3,343289,674320,32770
2026-08-31,Bihar & Jharkhand,BH,East,39137428,1202354,918368,283986,2.35,232.27,1534.1,494087,677182,31472
2025-03-31,Madhya Pradesh & Chhattisgarh,MP,North,33668767,999330,791031,208299,2.35,199.65,1318.8,374719,559737,32881
2025-04-30,Madhya Pradesh & Chhattisgarh,MP,North,33770224,906637,803462,103174,2.38,201.18,1301.7,301225,596378,20903
2025-05-31,Madhya Pradesh & Chhattisgarh,MP,North,33958718,919967,788942,131024,2.32,202.93,1502.1,389125,485790,27421
2025-06-30,Madhya Pradesh & Chhattisgarh,MP,North,34068560,929056,775972,153083,2.28,205.3,1485.4,249979,431877,26568
2025-07-31,Madhya Pradesh & Chhattisgarh,MP,North,34195833,953405,809716,143689,2.37,207.28,1450.8,289559,516074,25150
2025-08-31,Madhya Pradesh & Chhattisgarh,MP,North,34333318,914623,849292,65330,2.47,209.21,1435.1,286109,445106,25381
2025-09-30,Madhya Pradesh & Chhattisgarh,MP,North,34549640,1014006,825268,188738,2.39,210.71,1415.3,336553,467782,26939
2025-10-31,Madhya Pradesh & Chhattisgarh,MP,North,34770174,915320,824744,90576,2.37,212.91,1508.2,349888,405404,26208
2025-11-30,Madhya Pradesh & Chhattisgarh,MP,North,34921811,1002122,819522,182599,2.35,214.79,1505.3,340625,470342,25121
2025-12-31,Madhya Pradesh & Chhattisgarh,MP,North,35026139,946402,841541,104860,2.4,216.83,1483.2,316085,451645,27713
2026-01-31,Madhya Pradesh & Chhattisgarh,MP,North,35022429,1065220,829702,235518,2.37,218.59,1425.2,283225,505852,18892
2026-02-28,Madhya Pradesh & Chhattisgarh,MP,North,35208166,1040465,795851,244614,2.26,218.81,1586.7,351204,362443,32769
2026-03-31,Madhya Pradesh & Chhattisgarh,MP,North,35365096,896540,830204,66335,2.35,219.93,1469.6,376671,556753,29418
2026-04-30,Madhya Pradesh & Chhattisgarh,MP,North,35443458,1067797,876221,191575,2.47,220.97,1435.6,307705,431543,23682
2026-05-31,Madhya Pradesh & Chhattisgarh,MP,North,35679054,934717,847641,87075,2.38,222.24,1484.3,274819,518659,22583
2026-06-30,Madhya Pradesh & Chhattisgarh,MP,North,35776517,1081953,834146,247806,2.33,223.77,1406.6,312691,499618,25903
2026-07-31,Madhya Pradesh & Chhattisgarh,MP,North,35890101,1044020,951886,92134,2.65,224.62,1467.8,331971,586650,23611
2026-08-31,Madhya Pradesh & Chhattisgarh,MP,North,35883980,961064,803173,157890,2.24,226.5,1534.2,364353,590414,27836
2025-03-31,Tamil Nadu,TN,South,33636286,632952,514730,118222,1.53,201.03,1352.6,295669,310998,26686
2025-04-30,Tamil Nadu,TN,South,33753720,833827,580460,253366,1.72,202.89,1275.7,295477,267882,23083
2025-05-31,Tamil Nadu,TN,South,33936919,774439,513948,260490,1.51,204.31,1455.3,243951,289375,27684
2025-06-30,Tamil Nadu,TN,South,34073722,716837,536556,180280,1.57,204.93,1466.7,356644,280280,24354
2025-07-31,Tamil Nadu,TN,South,34229206,763762,575476,188285,1.68,206.7,1329.1,289427,214882,23900
2025-08-31,Tamil Nadu,TN,South,34364119,741209,569131,172077,1.66,207.66,1363.0,289092,267373,26452
2025-09-30,Tamil Nadu,TN,South,34627465,853002,586625,266376,1.69,209.75,1418.4,386934,398950,24229
2025-10-31,Tamil Nadu,TN,South,34802757,746961,548588,198373,1.58,210.83,1373.1,262625,356992,22951
2025-11-30,Tamil Nadu,TN,South,34993552,705269,561702,143566,1.61,212.55,1430.5,336843,301754,25891
2025-12-31,Tamil Nadu,TN,South,35182099,588428,558600,29827,1.59,214.54,1418.2,358830,307436,29700
2026-01-31,Tamil Nadu,TN,South,35346650,716146,576528,139617,1.63,215.55,1401.2,343633,407804,30467
2026-02-28,Tamil Nadu,TN,South,35481328,746755,495606,251149,1.4,216.43,1473.3,316380,231444,29157
2026-03-31,Tamil Nadu,TN,South,35655512,655490,582856,72633,1.63,218.03,1470.4,293812,304855,26933
2026-04-30,Tamil Nadu,TN,South,35784780,726975,561904,165070,1.57,220.75,1511.7,319964,375055,19545
2026-05-31,Tamil Nadu,TN,South,35964125,733735,527512,206223,1.47,221.55,1475.8,346672,397329,31456
2026-06-30,Tamil Nadu,TN,South,36073210,615962,568695,47266,1.58,224.29,1476.7,281965,307930,24275
2026-07-31,Tamil Nadu,TN,South,36137171,759703,557842,201860,1.54,225.91,1436.8,341856,358149,26523
2026-08-31,Tamil Nadu,TN,South,36349174,668994,596195,72799,1.64,227.83,1474.6,325406,267373,23574
2025-03-31,Andhra Pradesh & Telangana,AP,South,33695638,785788,564988,220800,1.68,200.36,1330.7,306963,345310,19804
2025-04-30,Andhra Pradesh & Telangana,AP,South,33864650,656283,541648,114634,1.6,201.77,1396.8,288289,351709,24872
2025-05-31,Andhra Pradesh & Telangana,AP,South,34040690,735692,560806,174886,1.65,202.93,1300.6,349787,292975,28318
2025-06-30,Andhra Pradesh & Telangana,AP,South,34214109,773468,665739,107729,1.95,204.15,1363.9,286450,322951,21749
2025-07-31,Andhra Pradesh & Telangana,AP,South,34292393,746923,618857,128065,1.8,206.61,1385.0,249342,325068,22800
2025-08-31,Andhra Pradesh & Telangana,AP,South,34464578,655205,604319,50885,1.75,208.99,1480.7,230107,456628,25887
2025-09-30,Andhra Pradesh & Telangana,AP,South,34488484,680421,554388,126033,1.61,210.31,1425.4,304589,434878,29540
2025-10-31,Andhra Pradesh & Telangana,AP,South,34689534,740455,567497,172958,1.64,211.88,1423.5,255838,383010,27327
2025-11-30,Andhra Pradesh & Telangana,AP,South,34749355,716272,595625,120646,1.71,213.86,1502.4,373937,260259,18398
2025-12-31,Andhra Pradesh & Telangana,AP,South,34877963,782073,611344,170729,1.75,214.87,1608.9,314134,325665,28614
2026-01-31,Andhra Pradesh & Telangana,AP,South,34994666,774786,566623,208163,1.62,216.09,1475.7,256848,285438,28581
2026-02-28,Andhra Pradesh & Telangana,AP,South,35244521,718310,596353,121956,1.69,217.98,1474.6,314755,380287,23860
2026-03-31,Andhra Pradesh & Telangana,AP,South,35506638,620757,661797,-41040,1.86,218.7,1428.7,356835,263924,20471
2026-04-30,Andhra Pradesh & Telangana,AP,South,35683689,823170,558342,264828,1.56,220.61,1402.1,352496,342169,27223
2026-05-31,Andhra Pradesh & Telangana,AP,South,35768293,777620,577504,200115,1.61,222.61,1510.2,280291,357721,17137
2026-06-30,Andhra Pradesh & Telangana,AP,South,35955855,771653,617662,153991,1.72,225.18,1497.1,326608,333055,25319
2026-07-31,Andhra Pradesh & Telangana,AP,South,36199644,874692,623909,250782,1.72,225.58,1388.1,323099,399650,25518
2026-08-31,Andhra Pradesh & Telangana,AP,South,36217384,922604,688487,234116,1.9,226.44,1546.7,439012,374948,23366
2025-03-31,Karnataka,KA,South,31071400,736675,493288,243386,1.59,200.33,1328.9,225738,278411,20478
2025-04-30,Karnataka,KA,South,31277138,544944,458430,86514,1.47,201.82,1324.7,349838,190488,23359
2025-05-31,Karnataka,KA,South,31498433,641439,495447,145991,1.57,203.0,1238.5,341662,253618,25476
2025-06-30,Karnataka,KA,South,31745026,486340,543599,-57258,1.71,204.34,1327.9,295883,338954,31883
2025-07-31,Karnataka,KA,South,31850936,647758,519242,128515,1.63,206.14,1246.1,298790,244551,21218
2025-08-31,Karnataka,KA,South,31968066,678968,532377,146590,1.67,207.4,1302.6,272219,380422,17239
2025-09-30,Karnataka,KA,South,32144530,557757,520648,37109,1.62,208.93,1152.8,394879,275982,19756
2025-10-31,Karnataka,KA,South,32276366,598223,504269,93954,1.56,210.85,1230.1,265639,349537,18814
2025-11-30,Karnataka,KA,South,32416999,570580,495105,75474,1.53,212.87,1343.8,269266,348330,25288
2025-12-31,Karnataka,KA,South,32500880,564656,466217,98438,1.43,214.92,1357.4,303257,268445,30533
2026-01-31,Karnataka,KA,South,32715812,584987,489903,95083,1.5,217.35,1346.3,275664,389804,19976
2026-02-28,Karnataka,KA,South,32821951,617735,427550,190185,1.3,218.92,1407.3,401976,365083,25320
2026-03-31,Karnataka,KA,South,32967193,621294,486237,135056,1.47,218.79,1420.6,213824,327962,18876
2026-04-30,Karnataka,KA,South,33031380,536898,424178,112719,1.28,220.62,1469.3,334662,230899,22035
2026-05-31,Karnataka,KA,South,33200656,593022,504952,88070,1.52,222.41,1362.6,284661,301203,22498
2026-06-30,Karnataka,KA,South,33430991,691392,491653,199738,1.47,224.88,1326.3,299640,251104,21007
2026-07-31,Karnataka,KA,South,33553226,549736,402733,147002,1.2,227.59,1303.3,229149,301504,21163
2026-08-31,Karnataka,KA,South,33713181,624450,544439,80011,1.61,229.12,1347.4,316763,343468,31198
2025-03-31,Uttar Pradesh West,UPW,North,28477619,678419,659142,19276,2.31,200.04,1097.1,261560,345489,20531
2025-04-30,Uttar Pradesh West,UPW,North,28562214,863346,662732,200613,2.32,201.57,1178.5,272041,438711,15536
2025-05-31,Uttar Pradesh West,UPW,North,28661596,867741,651940,215801,2.27,202.31,1148.2,315494,494951,16680
2025-06-30,Uttar Pradesh West,UPW,North,28751065,744151,654720,89431,2.28,203.85,1218.4,216635,306152,21608
2025-07-31,Uttar Pradesh West,UPW,North,28873303,789576,700693,88882,2.43,204.84,1159.8,271729,245848,20529
2025-08-31,Uttar Pradesh West,UPW,North,28966305,796463,691006,105456,2.39,206.65,1183.9,228442,412101,23538
2025-09-30,Uttar Pradesh West,UPW,North,29018646,762811,610326,152485,2.1,207.95,1234.7,263817,311925,16992
2025-10-31,Uttar Pradesh West,UPW,North,29094660,855322,711620,143702,2.45,210.41,1100.2,292734,383874,20268
2025-11-30,Uttar Pradesh West,UPW,North,29167472,893107,738751,154356,2.53,213.66,1223.8,252301,405235,21505
2025-12-31,Uttar Pradesh West,UPW,North,29191856,792733,660821,131912,2.26,215.6,1181.5,303804,389081,16833
2026-01-31,Uttar Pradesh West,UPW,North,29345410,795304,640815,154488,2.18,217.15,1146.5,306972,429132,22630
2026-02-28,Uttar Pradesh West,UPW,North,29347063,708241,696250,11991,2.37,219.62,1224.3,190787,373204,17448
2026-03-31,Uttar Pradesh West,UPW,North,29426121,747461,712080,35380,2.42,220.75,1220.0,248315,386260,23260
2026-04-30,Uttar Pradesh West,UPW,North,29572269,844281,655301,188979,2.22,223.06,1150.4,280546,397760,13042
2026-05-31,Uttar Pradesh West,UPW,North,29666622,840514,733086,107427,2.47,224.75,1227.6,276810,412323,27028
2026-06-30,Uttar Pradesh West,UPW,North,29805163,794752,637142,157609,2.14,225.93,1144.1,302571,436845,24175
2026-07-31,Uttar Pradesh West,UPW,North,29997991,1012963,680397,332566,2.27,226.8,1272.6,296415,427803,24051
2026-08-31,Uttar Pradesh West,UPW,North,30133296,1026828,731027,295800,2.43,229.76,1217.4,305978,465039,22742
2025-03-31,Rajasthan,RJ,North,28391277,797295,586105,211190,2.06,200.49,1206.0,292001,255835,18694
2025-04-30,Rajasthan,RJ,North,28434595,594144,533523,60621,1.88,202.37,1222.3,271606,259041,19100
2025-05-31,Rajasthan,RJ,North,28578434,688414,560646,127767,1.96,203.55,1143.5,265909,253806,19937
2025-06-30,Rajasthan,RJ,North,28691249,792337,569530,222806,1.99,204.46,1196.7,275971,305608,18822
2025-07-31,Rajasthan,RJ,North,28808149,677488,534020,143468,1.85,207.12,1248.5,299242,260296,19515
2025-08-31,Rajasthan,RJ,North,28863501,691266,528049,163217,1.83,208.16,1132.6,275460,302835,19016
2025-09-30,Rajasthan,RJ,North,29036832,736360,533332,203027,1.84,210.34,1230.5,291606,251392,16587
2025-10-31,Rajasthan,RJ,North,29186600,594015,548163,45852,1.88,211.73,1215.9,242816,328654,24291
2025-11-30,Rajasthan,RJ,North,29267806,729351,614626,114724,2.1,213.22,1102.7,247037,286691,17448
2025-12-31,Rajasthan,RJ,North,29404302,638483,551339,87143,1.88,215.43,1192.8,262699,277426,20838
2026-01-31,Rajasthan,RJ,North,29629381,766244,574955,191289,1.94,217.51,1114.6,323926,267596,18349
2026-02-28,Rajasthan,RJ,North,29662091,772340,646818,125522,2.18,219.56,1224.7,253326,370789,25378
2026-03-31,Rajasthan,RJ,North,29791778,729617,626661,102956,2.1,222.06,1149.7,218512,497437,22178
2026-04-30,Rajasthan,RJ,North,29931285,714619,654498,60120,2.19,223.18,1289.3,296625,251726,19502
2026-05-31,Rajasthan,RJ,North,30025906,835859,651221,184638,2.17,224.56,1185.6,253183,262768,20574
2026-06-30,Rajasthan,RJ,North,30132209,870237,616486,253751,2.05,225.32,1203.3,250061,426742,23776
2026-07-31,Rajasthan,RJ,North,30304339,872401,657417,214984,2.17,227.67,1266.8,316293,347187,18914
2026-08-31,Rajasthan,RJ,North,30425426,689358,625586,63772,2.06,229.39,1281.6,271886,413918,23893
2025-03-31,Gujarat,GJ,West,28459423,594718,475107,119610,1.67,199.28,1170.5,230338,322190,22047
2025-04-30,Gujarat,GJ,West,28638078,561438,425594,135843,1.49,201.6,1215.6,245864,293629,23033
2025-05-31,Gujarat,GJ,West,28684992,533630,469790,63839,1.64,202.25,1178.8,280375,272765,15965
2025-06-30,Gujarat,GJ,West,28814750,482933,462739,20194,1.61,203.6,1158.0,197957,221602,18837
2025-07-31,Gujarat,GJ,West,28966870,629514,523188,106326,1.81,204.63,1161.0,261522,319898,22851
2025-08-31,Gujarat,GJ,West,28973435,514885,451212,63673,1.56,206.26,1201.2,281761,174722,21854
2025-09-30,Gujarat,GJ,West,29063897,646493,468985,177507,1.61,208.82,1253.2,202025,261810,16953
2025-10-31,Gujarat,GJ,West,29153842,500853,480747,20105,1.65,210.44,1335.9,258579,319290,21570
2025-11-30,Gujarat,GJ,West,29264906,510597,471460,39136,1.61,212.57,1108.8,247510,258472,19524
2025-12-31,Gujarat,GJ,West,29378667,466911,490664,-23753,1.67,214.32,1223.1,292880,323366,20614
2026-01-31,Gujarat,GJ,West,29459420,565278,436980,128297,1.48,216.56,1276.5,243195,242835,27879
2026-02-28,Gujarat,GJ,West,29619410,691649,504017,187631,1.7,217.99,1292.4,321326,288672,19916
2026-03-31,Gujarat,GJ,West,29668266,589291,450501,138790,1.52,220.63,1264.0,292327,288087,16753
2026-04-30,Gujarat,GJ,West,29771509,646429,536793,109635,1.8,222.0,1266.1,259910,212278,18253
2026-05-31,Gujarat,GJ,West,29847199,819675,513868,305807,1.72,224.84,1305.3,347707,255000,20857
2026-06-30,Gujarat,GJ,West,29950175,667329,481455,185874,1.61,226.24,1146.2,249049,291482,25713
2026-07-31,Gujarat,GJ,West,30134477,663053,498214,164839,1.65,227.89,1238.9,223563,230249,16880
2026-08-31,Gujarat,GJ,West,30227037,843368,533023,310344,1.76,230.04,1220.5,256494,319035,15407
2025-03-31,West Bengal,WB,East,25797354,730140,524511,205629,2.03,200.37,1125.9,227959,268951,22374
2025-04-30,West Bengal,WB,East,25837876,650626,510636,139989,1.98,201.5,1021.8,205120,259249,25656
2025-05-31,West Bengal,WB,East,25932433,557978,493620,64357,1.9,203.4,1079.2,256263,369990,16517
2025-06-30,West Bengal,WB,East,26059919,595619,485436,110183,1.86,204.74,1073.5,320853,309576,17373
2025-07-31,West Bengal,WB,East,26134350,529783,567413,-37630,2.17,206.94,1061.2,228796,232864,23843
2025-08-31,West Bengal,WB,East,26232361,578616,506007,72608,1.93,208.41,1089.9,302229,272772,16966
2025-09-30,West Bengal,WB,East,26334656,514101,468878,45222,1.78,210.45,1046.1,245659,191363,16154
2025-10-31,West Bengal,WB,East,26441356,666413,512898,153514,1.94,212.37,1089.7,258390,200949,17748
2025-11-30,West Bengal,WB,East,26619681,598038,485846,112191,1.83,215.25,1114.0,243563,356299,17488
2025-12-31,West Bengal,WB,East,26737278,495555,480303,15251,1.8,217.33,1128.8,259134,308279,19094
2026-01-31,West Bengal,WB,East,26871033,685601,516869,168731,1.92,218.03,1083.2,311327,383439,14691
2026-02-28,West Bengal,WB,East,26993590,608076,542199,65876,2.01,219.16,1086.9,189756,382774,19030
2026-03-31,West Bengal,WB,East,27057350,687529,552548,134980,2.04,220.33,1191.3,239396,293290,23210
2026-04-30,West Bengal,WB,East,27223637,597204,503796,93407,1.85,222.14,1045.9,195336,313938,13618
2026-05-31,West Bengal,WB,East,27348655,598045,480463,117581,1.76,223.23,1123.7,230658,342559,18790
2026-06-30,West Bengal,WB,East,27421355,644203,545036,99166,1.99,224.44,1175.9,291774,249010,19868
2026-07-31,West Bengal,WB,East,27517532,562792,485558,77234,1.76,226.82,1116.6,264667,364746,17697
2026-08-31,West Bengal,WB,East,27696413,658128,550397,107731,1.99,229.82,1120.7,270443,287951,23444
2025-03-31,Kerala,KL,South,20702097,422839,294813,128026,1.42,199.55,912.9,208177,240379,17877
2025-04-30,Kerala,KL,South,20832036,379858,304957,74900,1.46,201.98,823.2,171550,153527,15613
2025-05-31,Kerala,KL,South,20939566,388593,296978,91614,1.42,203.94,878.4,157423,128027,12161
2025-06-30,Kerala,KL,South,21039204,296560,285629,10930,1.36,205.26,864.6,206873,218831,15535
2025-07-31,Kerala,KL,South,21143392,489400,340295,149105,1.61,207.17,919.5,206205,168038,16006
2025-08-31,Kerala,KL,South,21230749,303449,301469,1980,1.42,209.12,839.3,247276,169980,18646
2025-09-30,Kerala,KL,South,21327723,458792,329351,129440,1.54,211.56,898.5,172342,170605,11292
2025-10-31,Kerala,KL,South,21428799,385207,275735,109472,1.29,213.99,876.9,177700,202103,16881
2025-11-30,Kerala,KL,South,21567057,400907,273171,127735,1.27,217.02,877.6,193990,186648,19243
2025-12-31,Kerala,KL,South,21700678,358632,323070,35561,1.49,219.42,885.1,203999,135247,15185
2026-01-31,Kerala,KL,South,21757801,402275,350947,51327,1.61,221.17,840.5,249273,193800,16287
2026-02-28,Kerala,KL,South,21820390,524665,370054,154610,1.7,223.27,904.4,233266,198209,16915
2026-03-31,Kerala,KL,South,21893175,478355,311774,166580,1.42,225.71,896.2,221750,205380,16781
2026-04-30,Kerala,KL,South,21930785,361426,321099,40327,1.46,227.5,879.9,130420,172107,19181
2026-05-31,Kerala,KL,South,22067857,509247,314157,195090,1.42,228.49,876.7,198987,141655,16150
2026-06-30,Kerala,KL,South,22133374,410050,336676,73373,1.52,230.69,898.4,216622,188392,11663
2026-07-31,Kerala,KL,South,22170586,435160,344642,90518,1.55,232.8,905.4,224192,205507,16976
2026-08-31,Kerala,KL,South,22268910,396766,338612,58153,1.52,235.51,842.2,167112,192616,14108
2025-03-31,Delhi NCR,DL,North,16569649,331518,264601,66917,1.6,199.64,647.3,130683,105322,12825
2025-04-30,Delhi NCR,DL,North,16605038,357851,253553,104298,1.53,201.37,721.1,143152,128175,11004
2025-05-31,Delhi NCR,DL,North,16631712,329160,252038,77122,1.52,202.32,649.7,139184,124438,12897
2025-06-30,Delhi NCR,DL,North,16702599,389309,278284,111025,1.67,203.84,677.8,163324,152747,14905
2025-07-31,Delhi NCR,DL,North,16771358,275755,203835,71919,1.22,204.3,703.4,118486,137056,11584
2025-08-31,Delhi NCR,DL,North,16910644,381453,236827,144625,1.4,206.16,696.9,173757,175761,15690
2025-09-30,Delhi NCR,DL,North,16980761,416615,290458,126157,1.71,207.69,752.8,191266,95252,11376
2025-10-31,Delhi NCR,DL,North,17091856,292716,245365,47350,1.44,209.23,731.0,138037,138129,14491
2025-11-30,Delhi NCR,DL,North,17177194,311232,217891,93340,1.27,210.13,702.3,140454,128630,12849
2025-12-31,Delhi NCR,DL,North,17259909,337612,259632,77980,1.5,211.78,743.3,156516,118781,9657
2026-01-31,Delhi NCR,DL,North,17339485,348321,256725,91595,1.48,213.05,667.6,146993,179684,11958
2026-02-28,Delhi NCR,DL,North,17438752,323483,264799,58684,1.52,214.63,681.4,179178,146616,15725
2026-03-31,Delhi NCR,DL,North,17507603,290420,212005,78414,1.21,217.1,720.1,142201,150736,11185
2026-04-30,Delhi NCR,DL,North,17569155,314604,229582,85022,1.31,219.47,779.0,137094,133521,11239
2026-05-31,Delhi NCR,DL,North,17661358,329379,238069,91309,1.35,221.9,749.1,191285,109937,15196
2026-06-30,Delhi NCR,DL,North,17779346,279054,230770,48283,1.3,222.71,727.1,143953,100917,10358
2026-07-31,Delhi NCR,DL,North,17857300,302397,252706,49691,1.42,224.57,740.7,168407,155052,16917
2026-08-31,Delhi NCR,DL,North,17936185,340270,248635,91634,1.39,226.51,748.6,146448,131300,14611
2025-03-31,Punjab,PB,North,15516760,429331,306558,122773,1.98,200.27,639.2,176637,164740,15318
2025-04-30,Punjab,PB,North,15592478,390029,313995,76033,2.01,201.95,609.1,148488,256806,11685
2025-05-31,Punjab,PB,North,15644915,418263,325423,92839,2.08,204.05,596.3,138671,186283,10828
2025-06-30,Punjab,PB,North,15748491,382789,327620,55169,2.08,205.58,592.0,180182,138991,10494
2025-07-31,Punjab,PB,North,15799316,367060,316583,50477,2.0,206.82,644.0,141489,203576,10723
2025-08-31,Punjab,PB,North,15863024,367423,302940,64483,1.91,207.92,638.9,120044,130499,10963
2025-09-30,Punjab,PB,North,15951488,375589,319365,56224,2.0,209.67,628.2,154045,165458,11208
2025-10-31,Punjab,PB,North,16008344,314133,310378,3754,1.94,211.57,660.4,118411,179587,10742
2025-11-30,Punjab,PB,North,16068777,389698,323230,66467,2.01,213.29,648.5,172680,151043,9973
2025-12-31,Punjab,PB,North,16140223,410450,324201,86248,2.01,215.2,707.4,162605,183675,12721
2026-01-31,Punjab,PB,North,16168487,288667,358943,-70275,2.22,216.33,629.4,124904,160761,17322
2026-02-28,Punjab,PB,North,16226416,451070,329254,121815,2.03,218.83,667.2,133685,151521,12793
2026-03-31,Punjab,PB,North,16311208,409818,308510,101308,1.89,221.33,655.8,137873,199945,12152
2026-04-30,Punjab,PB,North,16375384,440805,333411,107393,2.04,222.67,677.2,151805,238814,13663
2026-05-31,Punjab,PB,North,16422609,431633,301516,130117,1.84,224.78,644.7,161083,157099,10596
2026-06-30,Punjab,PB,North,16529444,417834,306444,111389,1.85,226.87,653.7,153339,210772,10766
2026-07-31,Punjab,PB,North,16630858,424040,352088,71952,2.12,229.37,712.1,136059,247717,10953
2026-08-31,Punjab,PB,North,16688609,501381,388963,112418,2.33,230.41,671.5,143239,173557,8712
2025-03-31,Mumbai,MU,West,15471346,293056,233356,59699,1.51,200.0,678.8,118054,136743,12731
2025-04-30,Mumbai,MU,West,15524642,321671,216023,105648,1.39,202.55,617.7,154559,125772,12554
2025-05-31,Mumbai,MU,West,15625085,252533,244519,8013,1.56,202.91,642.3,215566,127723,10674
2025-06-30,Mumbai,MU,West,15721351,328994,224037,104956,1.43,204.34,599.9,107418,93010,11415
2025-07-31,Mumbai,MU,West,15792247,339724,225901,113822,1.43,206.34,658.3,140192,119617,11390
2025-08-31,Mumbai,MU,West,15854500,275867,239035,36831,1.51,208.83,651.5,149017,142877,14809
2025-09-30,Mumbai,MU,West,15960251,205513,200488,5024,1.26,211.14,668.3,182156,125866,12174
2025-10-31,Mumbai,MU,West,16002878,330756,239626,91130,1.5,213.54,671.1,166121,123842,15036
2025-11-30,Mumbai,MU,West,16076002,277213,218833,58379,1.36,216.02,669.6,156710,134156,13041
2025-12-31,Mumbai,MU,West,16156895,213525,200440,13084,1.24,218.78,662.6,123126,143319,14466
2026-01-31,Mumbai,MU,West,16232123,272242,244898,27343,1.51,220.38,675.3,172528,69273,10766
2026-02-28,Mumbai,MU,West,16255469,305252,238517,66735,1.47,223.14,683.2,135820,118275,7029
2026-03-31,Mumbai,MU,West,16337257,312771,231623,81148,1.42,224.74,647.6,175150,137077,13038
2026-04-30,Mumbai,MU,West,16398378,307229,246901,60327,1.51,226.16,633.6,128157,170433,14038
2026-05-31,Mumbai,MU,West,16398794,291852,228282,63569,1.39,227.68,655.7,131900,114738,9365
2026-06-30,Mumbai,MU,West,16498921,320192,241801,78390,1.47,229.13,688.7,110087,119494,10468
2026-07-31,Mumbai,MU,West,16543932,349529,264398,85131,1.6,231.54,723.6,145883,110255,12898
2026-08-31,Mumbai,MU,West,16587844,301969,218253,83715,1.32,233.93,676.5,100803,134575,11617
2025-03-31,Odisha,OR,East,15545681,357239,302054,55184,1.94,199.04,616.8,130477,156174,13561
2025-04-30,Odisha,OR,East,15597978,411522,299512,112009,1.92,200.25,683.8,132378,198417,10501
2025-05-31,Odisha,OR,East,15648404,337024,265426,71598,1.7,201.85,669.3,133975,166862,14161
2025-06-30,Odisha,OR,East,15728487,364837,320654,44182,2.04,202.57,624.7,113307,185224,12178
2025-07-31,Odisha,OR,East,15793104,384608,305038,79570,1.93,203.51,623.1,174759,189431,10656
2025-08-31,Odisha,OR,East,15810503,332659,274244,58414,1.73,206.86,614.1,178012,175117,9803
2025-09-30,Odisha,OR,East,15889486,364720,300918,63802,1.89,207.75,680.0,161830,178019,14123
2025-10-31,Odisha,OR,East,15944734,409792,328830,80961,2.06,209.08,615.8,118612,193996,10907
2025-11-30,Odisha,OR,East,16032888,351126,309480,41646,1.93,210.47,653.9,184968,178374,11059
2025-12-31,Odisha,OR,East,16121914,375461,339250,36211,2.1,211.46,627.4,120578,165534,11629
2026-01-31,Odisha,OR,East,16151751,424108,301884,122223,1.87,213.27,626.3,145745,198346,9830
2026-02-28,Odisha,OR,East,16247484,437734,323802,113932,1.99,215.04,614.2,168949,180744,9068
2026-03-31,Odisha,OR,East,16324767,375680,318929,56750,1.95,217.11,709.9,160707,175238,12792
2026-04-30,Odisha,OR,East,16395011,360872,291258,69613,1.78,218.4,676.6,169763,160480,11486
2026-05-31,Odisha,OR,East,16509434,330806,288258,42547,1.75,220.73,644.2,138464,138113,12311
2026-06-30,Odisha,OR,East,16591130,428413,317359,111054,1.91,221.79,699.8,126271,173596,11369
2026-07-31,Odisha,OR,East,16675520,353038,293048,59989,1.76,223.51,700.6,119935,140819,14341
2026-08-31,Odisha,OR,East,16766603,341055,308014,33041,1.84,226.01,723.5,160876,160775,13093
2025-03-31,Haryana,HR,North,14478661,339525,276128,63397,1.91,199.63,595.2,144057,172768,10876
2025-04-30,Haryana,HR,North,14574159,415916,309324,106592,2.12,200.77,586.9,108765,139513,11038
2025-05-31,Haryana,HR,North,14624717,386642,294900,91741,2.02,201.7,568.3,108438,146425,13476
2025-06-30,Haryana,HR,North,14703089,321656,309841,11814,2.11,202.87,575.3,165656,161523,14984
2025-07-31,Haryana,HR,North,14810918,304358,261146,43212,1.76,204.28,584.6,153137,144085,9193
2025-08-31,Haryana,HR,North,14888610,316955,262962,53993,1.77,206.47,607.4,128941,146824,9090
2025-09-30,Haryana,HR,North,14944275,305967,258662,47304,1.73,208.2,608.1,154923,191059,10166
2025-10-31,Haryana,HR,North,14988439,347826,265862,81964,1.77,209.92,603.6,109529,153551,8194
2025-11-30,Haryana,HR,North,15016227,420109,290436,129673,1.93,212.1,585.4,138600,173238,12342
2025-12-31,Haryana,HR,North,15079356,431823,291868,139955,1.94,214.47,635.9,145635,135289,13305
2026-01-31,Haryana,HR,North,15142125,289835,271187,18647,1.79,215.81,596.4,117103,182794,12462
2026-02-28,Haryana,HR,North,15181040,301724,263129,38595,1.73,216.53,619.6,116986,135890,11787
2026-03-31,Haryana,HR,North,15247400,431268,317681,113587,2.08,218.85,611.7,120809,178488,11510
2026-04-30,Haryana,HR,North,15311280,360377,282646,77731,1.85,221.44,628.8,166254,192171,8474
2026-05-31,Haryana,HR,North,15319148,324907,284539,40367,1.86,223.42,636.3,134983,134693,12020
2026-06-30,Haryana,HR,North,15416119,365265,306720,58545,1.99,224.74,603.6,167493,205620,9686
2026-07-31,Haryana,HR,North,15533747,381245,298192,83053,1.92,225.23,621.5,151523,189615,11734
2026-08-31,Haryana,HR,North,15628546,370474,283868,86605,1.82,227.65,657.8,128666,164012,12090
2025-03-31,Kolkata,KO,East,10386589,174827,135675,39152,1.31,199.57,446.3,73161,96746,7767
2025-04-30,Kolkata,KO,East,10398403,201616,156821,44794,1.51,200.4,433.4,94882,79811,7625
2025-05-31,Kolkata,KO,East,10463270,167102,134772,32330,1.29,200.96,415.7,108562,77285,6651
2025-06-30,Kolkata,KO,East,10484450,169528,130938,38589,1.25,202.72,435.1,106007,86806,6210
2025-07-31,Kolkata,KO,East,10502446,175527,148486,27041,1.41,204.12,401.1,112531,68923,7496
2025-08-31,Kolkata,KO,East,10557042,181386,149049,32337,1.41,205.52,437.0,54012,92361,7444
2025-09-30,Kolkata,KO,East,10626391,209567,170438,39129,1.6,207.53,418.3,110626,101052,7891
2025-10-31,Kolkata,KO,East,10687789,184305,164619,19686,1.54,209.32,435.7,86012,87473,7471
2025-11-30,Kolkata,KO,East,10760839,192232,136236,55995,1.27,211.29,416.8,86240,98149,6747
2025-12-31,Kolkata,KO,East,10796393,216381,171481,44900,1.59,212.35,450.4,102303,97603,8073
2026-01-31,Kolkata,KO,East,10840814,217886,154025,63860,1.42,214.14,464.6,106250,103688,7210
2026-02-28,Kolkata,KO,East,10879488,239958,156758,83199,1.44,216.62,472.3,109847,112881,7243
2026-03-31,Kolkata,KO,East,10923594,246652,152378,94274,1.39,218.15,442.4,81162,93199,6849
2026-04-30,Kolkata,KO,East,10994916,237546,163292,74254,1.49,219.54,471.5,96278,90697,7608
2026-05-31,Kolkata,KO,East,11009875,248257,172412,75845,1.57,221.05,447.7,85375,72239,8424
2026-06-30,Kolkata,KO,East,11062134,228860,183929,44930,1.66,222.61,447.4,108589,112053,9212
2026-07-31,Kolkata,KO,East,11134008,271916,187678,84237,1.69,224.89,464.7,90109,65022,6650
2026-08-31,Kolkata,KO,East,11158890,252204,181544,70660,1.63,226.37,441.1,87081,73892,7384
2025-03-31,Assam,AS,East,9318098,177091,162456,14634,1.74,199.74,364.4,73144,102127,6913
2025-04-30,Assam,AS,East,9352127,230057,185785,44272,1.99,201.66,343.6,89170,149284,6079
2025-05-31,Assam,AS,East,9383475,223306,190012,33293,2.02,203.68,372.8,96850,97947,6484
2025-06-30,Assam,AS,East,9427880,253461,191941,61519,2.04,204.86,349.6,91795,109215,5651
2025-07-31,Assam,AS,East,9441778,223818,174863,48955,1.85,205.65,384.5,62371,107826,5205
2025-08-31,Assam,AS,East,9477253,261632,194777,66854,2.06,207.27,405.6,101701,96846,5661
2025-09-30,Assam,AS,East,9506575,260652,192385,68267,2.02,207.75,380.4,82375,104681,8465
2025-10-31,Assam,AS,East,9558520,243768,187017,56751,1.96,209.9,390.2,106141,147532,6301
2025-11-30,Assam,AS,East,9573824,249320,214846,34473,2.24,211.73,412.1,73858,121812,6994
2025-12-31,Assam,AS,East,9604535,235823,196229,39594,2.04,213.18,438.2,44291,111044,7877
2026-01-31,Assam,AS,East,9635964,206746,198004,8742,2.05,214.12,423.0,66196,126308,8363
2026-02-28,Assam,AS,East,9664011,239646,177780,61865,1.84,215.2,383.3,100782,134756,5303
2026-03-31,Assam,AS,East,9671636,217919,185506,32412,1.92,216.18,405.4,105961,98072,6083
2026-04-30,Assam,AS,East,9698467,241128,193868,47260,2.0,217.7,413.6,82306,118728,6738
2026-05-31,Assam,AS,East,9747323,207293,169054,38239,1.73,219.38,389.2,95555,114283,6850
2026-06-30,Assam,AS,East,9776714,233660,194794,38866,1.99,220.63,407.8,95504,103731,6698
2026-07-31,Assam,AS,East,9835153,254092,210418,43673,2.14,221.77,410.6,61838,109443,7125
2026-08-31,Assam,AS,East,9888558,230581,185642,44938,1.88,222.7,399.7,107964,119413,5403
2025-03-31,North East,NE,East,5182203,116152,100395,15757,1.94,200.0,203.4,49401,76582,4060
2025-04-30,North East,NE,East,5210795,133124,102253,30870,1.96,201.28,215.7,48770,58281,3737
2025-05-31,North East,NE,East,5244496,146076,104202,41874,1.99,203.4,204.4,52608,58960,3857
2025-06-30,North East,NE,East,5267531,127848,108698,19150,2.06,205.16,225.2,58753,59538,2643
2025-07-31,North East,NE,East,5292113,123628,109490,14137,2.07,206.75,211.0,48528,63989,4182
2025-08-31,North East,NE,East,5330525,122466,106656,15810,2.0,209.02,219.7,49135,56778,3377
2025-09-30,North East,NE,East,5356853,126869,101776,25092,1.9,210.84,229.1,47919,49009,4330
2025-10-31,North East,NE,East,5392108,148323,111207,37116,2.06,211.72,209.7,45626,53794,4029
2025-11-30,North East,NE,East,5419154,140466,109374,31091,2.02,212.72,211.3,41545,57480,3683
2025-12-31,North East,NE,East,5437117,131189,99849,31339,1.84,214.15,230.1,49493,66735,3060
2026-01-31,North East,NE,East,5454855,127111,112674,14437,2.07,216.22,216.7,56817,71377,4034
2026-02-28,North East,NE,East,5489533,129236,106161,23075,1.93,217.09,219.3,41441,60449,3545
2026-03-31,North East,NE,East,5509165,155250,104020,51229,1.89,219.26,224.1,50519,66327,3566
2026-04-30,North East,NE,East,5543079,141474,112949,28524,2.04,221.93,222.6,56774,49456,3443
2026-05-31,North East,NE,East,5568264,127959,111083,16875,1.99,223.78,235.1,41575,59031,4043
2026-06-30,North East,NE,East,5587918,149944,120516,29427,2.16,224.99,226.0,46854,47992,4276
2026-07-31,North East,NE,East,5611418,147752,115750,32001,2.06,225.84,226.8,54147,74662,2672
2026-08-31,North East,NE,East,5623326,138777,119768,19008,2.13,227.85,237.3,53230,71131,3827
2025-03-31,Himachal Pradesh,HP,North,4667860,101196,75547,25648,1.62,199.51,194.2,47006,53127,2469
2025-04-30,Himachal Pradesh,HP,North,4692119,97478,78700,18777,1.68,200.22,179.9,36569,48457,4103
2025-05-31,Himachal Pradesh,HP,North,4719454,94166,82941,11224,1.76,200.85,184.2,51988,44074,3480
2025-06-30,Himachal Pradesh,HP,North,4747103,98360,81228,17132,1.71,200.91,200.1,45645,47736,2947
2025-07-31,Himachal Pradesh,HP,North,4769138,101583,80667,20916,1.69,202.3,196.1,44288,62122,4306
2025-08-31,Himachal Pradesh,HP,North,4796223,112080,84778,27301,1.77,202.39,188.7,48523,50687,3878
2025-09-30,Himachal Pradesh,HP,North,4819333,113703,82996,30707,1.72,204.52,197.5,57120,42582,3137
2025-10-31,Himachal Pradesh,HP,North,4829909,108256,84293,23963,1.75,206.43,199.0,45642,47816,3532
2025-11-30,Himachal Pradesh,HP,North,4853739,93502,78191,15310,1.61,208.27,204.4,42377,45164,3563
2025-12-31,Himachal Pradesh,HP,North,4878058,102146,83296,18850,1.71,210.07,184.5,46049,56304,3063
2026-01-31,Himachal Pradesh,HP,North,4893351,98372,74051,24320,1.51,211.44,209.9,42980,62581,2772
2026-02-28,Himachal Pradesh,HP,North,4916360,121492,85349,36142,1.74,213.4,200.5,39125,60766,4199
2026-03-31,Himachal Pradesh,HP,North,4939763,107005,83875,23129,1.7,215.23,206.1,53978,44539,3178
2026-04-30,Himachal Pradesh,HP,North,4950864,100258,72561,27696,1.47,216.87,195.3,43595,58357,3966
2026-05-31,Himachal Pradesh,HP,North,4984683,101662,81342,20319,1.63,219.32,219.2,42324,46878,3169
2026-06-30,Himachal Pradesh,HP,North,5020228,103717,85753,17963,1.71,221.39,201.7,36806,62538,2844
2026-07-31,Himachal Pradesh,HP,North,5042024,103907,84173,19734,1.67,224.01,201.0,32182,42258,2620
2026-08-31,Himachal Pradesh,HP,North,5076118,103423,86426,16996,1.7,225.17,209.7,43062,45547,3799
2025-03-31,Jammu & Kashmir,JK,North,4144661,76376,68973,7403,1.66,200.58,179.1,33057,34227,3290
2025-04-30,Jammu & Kashmir,JK,North,4168789,84999,74798,10201,1.79,201.63,172.4,32393,36328,2792
2025-05-31,Jammu & Kashmir,JK,North,4207351,88082,73906,14176,1.76,203.72,170.9,44773,52743,2320
2025-06-30,Jammu & Kashmir,JK,North,4235657,99742,73774,25967,1.74,205.78,173.6,28109,61584,2990
2025-07-31,Jammu & Kashmir,JK,North,4232558,101235,84620,16615,2.0,207.11,164.0,33674,35810,2945
2025-08-31,Jammu & Kashmir,JK,North,4249182,109627,80990,28637,1.91,210.28,174.2,33100,37001,3382
2025-09-30,Jammu & Kashmir,JK,North,4259069,104239,77860,26379,1.83,211.98,175.9,45240,42934,3897
2025-10-31,Jammu & Kashmir,JK,North,4273914,100742,79215,21527,1.85,213.98,188.7,36081,47495,2873
2025-11-30,Jammu & Kashmir,JK,North,4298494,98250,81918,16332,1.91,215.49,166.1,39910,32671,2682
2025-12-31,Jammu & Kashmir,JK,North,4317096,96330,75265,21064,1.74,217.64,161.4,42640,51373,2667
2026-01-31,Jammu & Kashmir,JK,North,4339650,85343,78535,6807,1.81,219.26,173.4,46448,56162,4137
2026-02-28,Jammu & Kashmir,JK,North,4361616,107926,78062,29863,1.79,220.37,182.1,42720,33853,3601
2026-03-31,Jammu & Kashmir,JK,North,4377218,110993,86154,24839,1.97,222.14,177.8,45223,57922,2784
2026-04-30,Jammu & Kashmir,JK,North,4411838,118592,90459,28133,2.05,223.13,181.6,42860,52088,2886
2026-05-31,Jammu & Kashmir,JK,North,4431569,91603,76460,15142,1.73,224.3,187.5,39889,55835,2477
2026-06-30,Jammu & Kashmir,JK,North,4446127,99007,82558,16448,1.86,226.1,165.1,38999,53983,2758
2026-07-31,Jammu & Kashmir,JK,North,4449556,109729,79944,29785,1.8,226.56,191.8,34485,58454,2562
2026-08-31,Jammu & Kashmir,JK,North,4463723,114004,89106,24897,2.0,227.31,171.3,35683,49258,3401
