sheet_name,column_name,dtype,missing_count,missing_pct,unique_non_null
README,item,str,0,0.0,16
README,value,str,0,0.0,16
subscribers,subscriber_id,str,0,0.0,64738
subscribers,circle,str,0,0.0,22
subscribers,circle_code,str,0,0.0,22
subscribers,zone,str,0,0.0,4
subscribers,join_date,datetime64[us],0,0.0,119
subscribers,tenure_months,int64,0,0.0,119
subscribers,plan_type,str,0,0.0,2
subscribers,plan_price_inr,int64,0,0.0,15
subscribers,plan_validity_days,int64,0,0.0,5
subscribers,arpu_last_month_inr,float64,0,0.0,28065
subscribers,arpu_3m_avg_inr,float64,0,0.0,28171
subscribers,arpu_6m_avg_inr,float64,0,0.0,28458
subscribers,recharge_count_6m,int64,0,0.0,12
subscribers,avg_recharge_gap_days,float64,0,0.0,2612
subscribers,days_since_last_recharge,int64,0,0.0,211
subscribers,payment_failures_6m,int64,0,0.0,7
subscribers,autopay_enabled,bool,0,0.0,2
subscribers,data_gb_last_month,float64,0,0.0,12301
subscribers,data_gb_3m_avg,float64,0,0.0,12400
subscribers,voice_minutes_last_month,int64,0,0.0,1286
subscribers,sms_count_last_month,int64,0,0.0,31
subscribers,device_brand,str,0,0.0,11
subscribers,is_5g_device,bool,0,0.0,2
subscribers,is_5g_active,bool,0,0.0,2
subscribers,avg_sinr_db,float64,0,0.0,334
subscribers,drop_call_rate_pct,float64,0,0.0,390
subscribers,site_congestion_score,float64,0,0.0,972
subscribers,complaints_6m,int64,0,0.0,8
subscribers,unresolved_complaints,int64,0,0.0,6
subscribers,avg_resolution_days,float64,0,0.0,234
subscribers,home_product,str,57938,89.5,2
subscribers,num_services,int64,0,0.0,4
subscribers,family_plan_flag,bool,0,0.0,2
subscribers,app_logins_30d,int64,0,0.0,33
subscribers,outgoing_to_competitor_pct,float64,0,0.0,824
subscribers,roaming_user_flag,bool,0,0.0,2
subscribers,offer_exposed_90d,bool,0,0.0,2
subscribers,offer_redeemed_90d,bool,0,0.0,2
subscribers,mnp_enquiry_flag,bool,0,0.0,2
subscribers,churn_flag_30d,bool,0,0.0,2
subscribers,churn_flag_90d,bool,0,0.0,2
subscribers,churn_reason,str,61497,94.99,7
subscribers,churn_date,datetime64[us],61497,94.99,90
service_requests,sr_id,str,0,0.0,14206
service_requests,subscriber_id,str,0,0.0,11973
service_requests,circle,str,0,0.0,22
service_requests,circle_code,str,0,0.0,22
service_requests,product,str,0,0.0,3
service_requests,sr_category,str,0,0.0,5
service_requests,sr_subcategory,str,0,0.0,18
service_requests,channel,str,0,0.0,5
service_requests,raised_date,datetime64[us],0,0.0,180
service_requests,sla_days,int64,0,0.0,4
service_requests,resolution_days,float64,1127,7.93,353
service_requests,resolved_date,datetime64[us],1127,7.93,1921
service_requests,sla_breach_flag,bool,0,0.0,2
service_requests,reopened_flag,bool,0,0.0,2
service_requests,status,str,0,0.0,2
service_requests,csat_score,float64,1127,7.93,5
network_sites,site_id,str,0,0.0,3847
network_sites,circle,str,0,0.0,22
network_sites,circle_code,str,0,0.0,22
network_sites,zone,str,0,0.0,4
network_sites,pin_code,int64,0,0.0,3840
network_sites,technology,str,0,0.0,3
network_sites,subscribers_served,int64,0,0.0,3658
network_sites,prb_utilisation_pct,float64,0,0.0,851
network_sites,avg_sinr_db,float64,0,0.0,256
network_sites,drop_call_rate_pct,float64,0,0.0,241
network_sites,avg_throughput_mbps,float64,0,0.0,1311
network_sites,congestion_flag,bool,0,0.0,2
network_sites,backhaul,str,0,0.0,2
circle_monthly_kpi,month_end,datetime64[us],0,0.0,18
circle_monthly_kpi,circle,str,0,0.0,22
circle_monthly_kpi,circle_code,str,0,0.0,22
circle_monthly_kpi,zone,str,0,0.0,4
circle_monthly_kpi,closing_base,int64,0,0.0,396
circle_monthly_kpi,gross_adds,int64,0,0.0,396
circle_monthly_kpi,churned_subscribers,int64,0,0.0,396
circle_monthly_kpi,net_adds,int64,0,0.0,396
circle_monthly_kpi,monthly_churn_pct,float64,0,0.0,122
circle_monthly_kpi,arpu_inr,float64,0,0.0,378
circle_monthly_kpi,data_traffic_pb,float64,0,0.0,391
circle_monthly_kpi,port_in_requests,int64,0,0.0,396
circle_monthly_kpi,port_out_requests,int64,0,0.0,395
circle_monthly_kpi,complaints_logged,int64,0,0.0,394
circle_targets,circle,str,0,0.0,22
circle_targets,circle_code,str,0,0.0,22
circle_targets,zone,str,0,0.0,4
circle_targets,base_aug_2026,int64,0,0.0,22
circle_targets,churn_actual_pct,float64,0,0.0,22
circle_targets,arpu_actual_inr,float64,0,0.0,22
circle_targets,churn_ceiling_fy27_pct,float64,0,0.0,21
circle_targets,arpu_target_fy27_inr,float64,0,0.0,22
circle_targets,retention_budget_lakh,float64,0,0.0,22
circle_targets,budget_utilised_lakh,float64,0,0.0,22
circle_targets,circle_owner,str,0,0.0,6
circle_targets,review_status,str,0,0.0,3
offer_catalogue,offer_code,str,0,0.0,20
offer_catalogue,offer_name,str,0,0.0,20
offer_catalogue,target_segment,str,0,0.0,10
offer_catalogue,arpu_band_inr,str,0,0.0,5
offer_catalogue,discount_pct,int64,0,0.0,9
offer_catalogue,bonus_data_gb,int64,0,0.0,10
offer_catalogue,validity_days,int64,0,0.0,9
offer_catalogue,cost_per_sub_inr,float64,0,0.0,20
offer_catalogue,approval_status,str,0,0.0,4
offer_catalogue,approved_circles,str,0,0.0,2
offer_catalogue,valid_from,datetime64[us],0,0.0,1
offer_catalogue,valid_to,datetime64[us],0,0.0,1
offer_catalogue,owner,str,0,0.0,5
offer_catalogue,expected_uplift_pct,float64,0,0.0,17
data_dictionary,sheet,str,0,0.0,6
data_dictionary,column,str,0,0.0,98
data_dictionary,dtype,str,0,0.0,6
data_dictionary,non_null,int64,0,0.0,8
data_dictionary,distinct,int64,0,0.0,54
data_dictionary,note,str,100,89.29,10
