table,column,rows,missing_count,missing_pct
README,item,16,0,0.0
README,value,16,0,0.0
subscribers,subscriber_id,64738,0,0.0
subscribers,circle,64738,0,0.0
subscribers,circle_code,64738,0,0.0
subscribers,zone,64738,0,0.0
subscribers,join_date,64738,0,0.0
subscribers,tenure_months,64738,0,0.0
subscribers,plan_type,64738,0,0.0
subscribers,plan_price_inr,64738,0,0.0
subscribers,plan_validity_days,64738,0,0.0
subscribers,arpu_last_month_inr,64738,0,0.0
subscribers,arpu_3m_avg_inr,64738,0,0.0
subscribers,arpu_6m_avg_inr,64738,0,0.0
subscribers,recharge_count_6m,64738,0,0.0
subscribers,avg_recharge_gap_days,64738,0,0.0
subscribers,days_since_last_recharge,64738,0,0.0
subscribers,payment_failures_6m,64738,0,0.0
subscribers,autopay_enabled,64738,0,0.0
subscribers,data_gb_last_month,64738,0,0.0
subscribers,data_gb_3m_avg,64738,0,0.0
subscribers,voice_minutes_last_month,64738,0,0.0
subscribers,sms_count_last_month,64738,0,0.0
subscribers,device_brand,64738,0,0.0
subscribers,is_5g_device,64738,0,0.0
subscribers,is_5g_active,64738,0,0.0
subscribers,avg_sinr_db,64738,0,0.0
subscribers,drop_call_rate_pct,64738,0,0.0
subscribers,site_congestion_score,64738,0,0.0
subscribers,complaints_6m,64738,0,0.0
subscribers,unresolved_complaints,64738,0,0.0
subscribers,avg_resolution_days,64738,0,0.0
subscribers,home_product,64738,57938,89.5
subscribers,num_services,64738,0,0.0
subscribers,family_plan_flag,64738,0,0.0
subscribers,app_logins_30d,64738,0,0.0
subscribers,outgoing_to_competitor_pct,64738,0,0.0
subscribers,roaming_user_flag,64738,0,0.0
subscribers,offer_exposed_90d,64738,0,0.0
subscribers,offer_redeemed_90d,64738,0,0.0
subscribers,mnp_enquiry_flag,64738,0,0.0
subscribers,churn_flag_30d,64738,0,0.0
subscribers,churn_flag_90d,64738,0,0.0
subscribers,churn_reason,64738,61497,94.99
subscribers,churn_date,64738,61497,94.99
service_requests,sr_id,14206,0,0.0
service_requests,subscriber_id,14206,0,0.0
service_requests,circle,14206,0,0.0
service_requests,circle_code,14206,0,0.0
service_requests,product,14206,0,0.0
service_requests,sr_category,14206,0,0.0
service_requests,sr_subcategory,14206,0,0.0
service_requests,channel,14206,0,0.0
service_requests,raised_date,14206,0,0.0
service_requests,sla_days,14206,0,0.0
service_requests,resolution_days,14206,1127,7.93
service_requests,resolved_date,14206,1127,7.93
service_requests,sla_breach_flag,14206,0,0.0
service_requests,reopened_flag,14206,0,0.0
service_requests,status,14206,0,0.0
service_requests,csat_score,14206,1127,7.93
network_sites,site_id,3847,0,0.0
network_sites,circle,3847,0,0.0
network_sites,circle_code,3847,0,0.0
network_sites,zone,3847,0,0.0
network_sites,pin_code,3847,0,0.0
network_sites,technology,3847,0,0.0
network_sites,subscribers_served,3847,0,0.0
network_sites,prb_utilisation_pct,3847,0,0.0
network_sites,avg_sinr_db,3847,0,0.0
network_sites,drop_call_rate_pct,3847,0,0.0
network_sites,avg_throughput_mbps,3847,0,0.0
network_sites,congestion_flag,3847,0,0.0
network_sites,backhaul,3847,0,0.0
circle_monthly_kpi,month_end,396,0,0.0
circle_monthly_kpi,circle,396,0,0.0
circle_monthly_kpi,circle_code,396,0,0.0
circle_monthly_kpi,zone,396,0,0.0
circle_monthly_kpi,closing_base,396,0,0.0
circle_monthly_kpi,gross_adds,396,0,0.0
circle_monthly_kpi,churned_subscribers,396,0,0.0
circle_monthly_kpi,net_adds,396,0,0.0
circle_monthly_kpi,monthly_churn_pct,396,0,0.0
circle_monthly_kpi,arpu_inr,396,0,0.0
circle_monthly_kpi,data_traffic_pb,396,0,0.0
circle_monthly_kpi,port_in_requests,396,0,0.0
circle_monthly_kpi,port_out_requests,396,0,0.0
circle_monthly_kpi,complaints_logged,396,0,0.0
circle_targets,circle,22,0,0.0
circle_targets,circle_code,22,0,0.0
circle_targets,zone,22,0,0.0
circle_targets,base_aug_2026,22,0,0.0
circle_targets,churn_actual_pct,22,0,0.0
circle_targets,arpu_actual_inr,22,0,0.0
circle_targets,churn_ceiling_fy27_pct,22,0,0.0
circle_targets,arpu_target_fy27_inr,22,0,0.0
circle_targets,retention_budget_lakh,22,0,0.0
circle_targets,budget_utilised_lakh,22,0,0.0
circle_targets,circle_owner,22,0,0.0
circle_targets,review_status,22,0,0.0
offer_catalogue,offer_code,20,0,0.0
offer_catalogue,offer_name,20,0,0.0
offer_catalogue,target_segment,20,0,0.0
offer_catalogue,arpu_band_inr,20,0,0.0
offer_catalogue,discount_pct,20,0,0.0
offer_catalogue,bonus_data_gb,20,0,0.0
offer_catalogue,validity_days,20,0,0.0
offer_catalogue,cost_per_sub_inr,20,0,0.0
offer_catalogue,approval_status,20,0,0.0
offer_catalogue,approved_circles,20,0,0.0
offer_catalogue,valid_from,20,0,0.0
offer_catalogue,valid_to,20,0,0.0
offer_catalogue,owner,20,0,0.0
offer_catalogue,expected_uplift_pct,20,0,0.0
data_dictionary,sheet,112,0,0.0
data_dictionary,column,112,0,0.0
data_dictionary,dtype,112,0,0.0
data_dictionary,non_null,112,0,0.0
data_dictionary,distinct,112,0,0.0
data_dictionary,note,112,100,89.29
