circle,site_count,subscribers_served,avg_prb_utilisation_pct,avg_site_sinr_db,avg_site_drop_call_pct,avg_throughput_mbps,congested_sites,congested_site_pct,latest_kpi_churn_pct
Andhra Pradesh & Telangana,240,5299858,39.3,9.98,0.55,84.87,5,2.08,1.9
Assam,66,1428206,47.57,9.03,0.64,72.63,7,10.61,1.88
Bihar & Jharkhand,284,6066658,54.78,8.73,0.65,74.52,66,23.24,2.35
Delhi NCR,135,3178998,34.92,10.25,0.47,83.51,0,0.0,1.39
Gujarat,221,4823625,40.04,9.73,0.54,76.36,4,1.81,1.76
Haryana,114,2509814,42.84,9.84,0.56,77.81,4,3.51,1.82
Himachal Pradesh,39,841280,41.32,8.32,0.57,81.79,1,2.56,1.7
Jammu & Kashmir,34,745190,50.51,9.14,0.44,64.54,6,17.65,2.0
Karnataka,258,5627521,38.34,10.24,0.49,79.7,1,0.39,1.61
Kerala,144,3246890,37.49,10.33,0.5,82.67,1,0.69,1.52
Kolkata,79,1657522,39.05,9.91,0.41,77.05,0,0.0,1.63
Madhya Pradesh & Chhattisgarh,261,6020805,55.72,8.52,0.79,78.47,63,24.14,2.24
Maharashtra & Goa,317,7163185,40.92,9.92,0.5,81.37,9,2.84,1.57
Mumbai,121,2664154,32.25,10.86,0.4,86.53,0,0.0,1.32
North East,38,852441,48.21,8.79,0.66,69.91,4,10.53,2.13
Odisha,135,2750753,44.81,9.89,0.53,80.91,6,4.44,1.84
Punjab,111,2582033,48.27,8.62,0.62,76.26,8,7.21,2.33
Rajasthan,233,5238059,45.49,9.51,0.58,81.67,18,7.73,2.06
Tamil Nadu,241,5532677,37.93,9.93,0.51,84.97,3,1.24,1.64
Uttar Pradesh East,369,8188965,58.8,8.51,0.79,72.77,107,29.0,2.5
Uttar Pradesh West,210,4670050,53.1,9.19,0.7,75.77,43,20.48,2.43
West Bengal,197,4381545,46.37,9.29,0.58,79.6,19,9.64,1.99
