feature,correlation_with_churn_30d,absolute_correlation,non_missing_rows
days_since_last_recharge,0.2244,0.2244,64738
avg_recharge_gap_days,0.2163,0.2163,64738
recharge_count_6m,-0.1369,0.1369,64738
payment_failures_6m,0.0941,0.0941,64738
unresolved_complaints,0.0806,0.0806,64738
app_logins_30d,-0.0764,0.0764,64738
arpu_last_month_inr,-0.0727,0.0727,64738
arpu_3m_avg_inr,-0.0705,0.0705,64738
complaints_6m,0.0651,0.0651,64738
site_congestion_score,0.057,0.057,64738
outgoing_to_competitor_pct,0.0449,0.0449,64738
tenure_months,-0.0412,0.0412,64738
drop_call_rate_pct,0.039,0.039,64738
avg_resolution_days,0.0384,0.0384,64738
data_gb_last_month,-0.0349,0.0349,64738
avg_sinr_db,-0.0309,0.0309,64738
voice_minutes_last_month,-0.0223,0.0223,64738
plan_price_inr,-0.0163,0.0163,64738
