month_end,closing_base,gross_adds,churned_subscribers,net_adds,port_in_requests,port_out_requests,complaints_logged,weighted_churn_pct,weighted_arpu_inr,net_porting
2025-03-31,496811123,11639825,9266331,2373485,4692455,5543863,376881,1.87,200.02,-851408
2025-04-30,498904501,11886031,9439773,2446246,4538125,5603318,351096,1.89,201.66,-1065193
2025-05-31,501216466,11966206,9543320,2422874,4831188,5454527,377193,1.9,203.03,-623339
2025-06-30,503585194,11702395,9855122,1847262,4625359,5153692,366994,1.96,204.48,-528333
2025-07-31,505748281,11696784,9634017,2062760,4498602,5198806,369294,1.9,206.26,-700204
2025-08-31,507809369,11544349,9583428,1960909,4535832,5472532,365023,1.89,207.91,-936700
2025-09-30,510009983,12146225,9580288,2565927,4998426,5518329,362381,1.88,209.37,-519903
2025-10-31,512142198,12070861,9659696,2411160,4419702,5797461,375182,1.89,211.08,-1377759
2025-11-30,514278543,11689222,9836931,1852276,4699136,5586553,358455,1.91,213.09,-887417
2025-12-31,516258706,11640466,9744473,1895982,4845777,5183057,389655,1.89,214.91,-337280
2026-01-31,518428443,11685213,9806145,1879055,4764713,5980346,395727,1.89,216.4,-1215633
2026-02-28,520723012,12550065,9908319,2641735,4827022,5769387,386072,1.9,218.17,-942365
2026-03-31,522723837,12007396,9922707,2084676,4536677,5883507,372434,1.9,219.73,-1346830
2026-04-30,524934506,11905089,9771804,2133272,4871262,5665782,341082,1.86,221.57,-794520
2026-05-31,527111839,12816855,9832339,2984505,4734660,5885563,376876,1.87,223.32,-1150903
2026-06-30,529624236,12575948,10041382,2534552,4937487,6053933,379963,1.9,224.93,-1116446
2026-07-31,532006787,12728512,10071310,2657192,4703379,6102444,388406,1.89,226.49,-1399065
2026-08-31,533929773,12976851,10325302,2651536,5100840,6397269,382574,1.93,228.37,-1296429
