sample_churn_rank,circle,circle_code,zone,subscribers,churners_30d,churn_rate_30d_pct,avg_arpu_inr,avg_complaints_6m,avg_unresolved_complaints,avg_sinr_db,avg_congestion_score,closing_base,churned_subscribers,latest_kpi_churn_pct,latest_kpi_arpu_inr,port_out_requests,complaints_logged,churn_ceiling_fy27_pct,retention_budget_lakh,budget_utilised_lakh,review_status,above_churn_ceiling_pct_points
1,Uttar Pradesh East,UPE,North,5699,158,2.77,213.67,0.73,0.19,12.78,43.07,47515114,1187207,2.5,227.36,860037,33285,2.34,877.41,565.49,Watch,0.16
2,Madhya Pradesh & Chhattisgarh,MP,North,4384,109,2.49,213.17,0.72,0.19,12.94,41.99,35883980,803173,2.24,226.5,590414,27836,1.95,1060.55,513.63,Watch,0.29
3,Bihar & Jharkhand,BH,East,4788,117,2.44,212.58,0.71,0.19,12.93,40.83,39137428,918368,2.35,232.27,677182,31472,2.17,1003.39,503.64,On track,0.18
4,Uttar Pradesh West,UPW,North,3672,88,2.4,214.55,0.7,0.18,12.84,41.21,30133296,731027,2.43,229.76,465039,22742,2.27,1018.6,522.04,Watch,0.16
5,Assam,AS,East,1179,28,2.37,215.48,0.68,0.2,13.39,35.29,9888558,185642,1.88,222.7,119413,5403,1.69,310.65,234.2,Watch,0.19
6,Haryana,HR,North,1922,38,1.98,211.74,0.65,0.17,13.4,32.76,15628546,283868,1.82,227.65,164012,12090,1.65,349.61,156.62,Escalated,0.17
7,Punjab,PB,North,2018,39,1.93,216.02,0.69,0.18,13.34,35.24,16688609,388963,2.33,230.41,173557,8712,2.14,368.11,222.86,On track,0.19
8,Odisha,OR,East,2055,36,1.75,212.14,0.66,0.17,13.43,33.2,16766603,308014,1.84,226.01,160775,13093,1.59,452.61,340.99,On track,0.25
9,Rajasthan,RJ,North,3714,64,1.72,211.96,0.66,0.17,13.14,34.09,30425426,625586,2.06,229.39,413918,23893,1.78,1027.78,442.5,Escalated,0.28
10,West Bengal,WB,East,3274,55,1.68,214.43,0.64,0.17,13.33,34.36,27696413,550397,1.99,229.82,287951,23444,1.83,789.03,547.24,On track,0.16
11,Andhra Pradesh & Telangana,AP,South,4371,62,1.42,216.42,0.62,0.16,13.53,29.98,36217384,688487,1.9,226.44,374948,23366,1.66,739.89,556.27,Watch,0.24
12,Kolkata,KO,East,1381,19,1.38,212.54,0.61,0.17,13.91,25.34,11158890,181544,1.63,226.37,73892,7384,1.42,297.74,254.68,On track,0.21
13,Gujarat,GJ,West,3679,50,1.36,212.24,0.62,0.16,13.64,29.05,30227037,533023,1.76,230.04,319035,15407,1.62,872.28,767.47,Watch,0.14
14,Tamil Nadu,TN,South,4441,59,1.33,216.01,0.6,0.16,13.61,28.2,36349174,596195,1.64,227.83,267373,23574,1.41,1154.21,543.85,On track,0.23
15,Karnataka,KA,South,4050,50,1.23,214.81,0.63,0.17,13.6,27.82,33713181,544439,1.61,229.12,343468,31198,1.45,907.51,425.07,Watch,0.16
16,Maharashtra & Goa,MH,West,5457,67,1.23,214.21,0.61,0.16,13.44,29.49,44544028,698569,1.57,223.07,481828,28312,1.38,1379.17,807.67,On track,0.19
17,North East,NE,East,631,7,1.11,209.68,0.64,0.16,13.53,33.4,5623326,119768,2.13,227.85,71131,3827,1.84,162.25,106.56,Escalated,0.29
18,Delhi NCR,DL,North,2242,24,1.07,213.16,0.57,0.16,13.78,25.08,17936185,248635,1.39,226.51,131300,14611,1.22,541.88,450.35,On track,0.17
19,Kerala,KL,South,2604,25,0.96,211.28,0.57,0.16,13.82,26.26,22268910,338612,1.52,235.51,192616,14108,1.39,596.17,292.24,On track,0.13
20,Jammu & Kashmir,JK,North,524,5,0.95,209.72,0.68,0.17,13.72,33.02,4463723,89106,2.0,227.31,49258,3401,1.75,111.09,76.17,On track,0.25
21,Mumbai,MU,West,2044,18,0.88,211.32,0.59,0.15,13.72,25.07,16587844,218253,1.32,233.93,134575,11617,1.19,475.03,365.69,Escalated,0.13
22,Himachal Pradesh,HP,North,609,4,0.66,219.46,0.6,0.15,13.28,29.94,5076118,86426,1.7,225.17,45547,3799,1.59,132.27,46.74,On track,0.11
