model,threshold,accuracy,precision,recall,f1_score,tn,fp,fn,tp
Logistic Regression,0.05,0.3525641025641026,0.025807951639153684,0.9866666666666667,0.05030021524866886,4343,8380,3,222
Logistic Regression,0.06,0.38747296879827,0.027239263803680983,0.9866666666666667,0.053014925373134326,4795,7928,3,222
Logistic Regression,0.07,0.4206827309236948,0.028634361233480177,0.9822222222222222,0.05564648117839607,5226,7497,4,221
Logistic Regression,0.08,0.44616929255483473,0.029786081776333604,0.9777777777777777,0.05781106293522533,5557,7166,5,220
Logistic Regression,0.09,0.4729687982700031,0.03125443955107259,0.9777777777777777,0.0605726872246696,5904,6819,5,220
Logistic Regression,0.1,0.49644732777262895,0.032665181885671864,0.9777777777777777,0.06321839080459771,6208,6515,5,220
Logistic Regression,0.11,0.5199258572752549,0.03420929870937646,0.9777777777777777,0.06610576923076923,6512,6211,5,220
Logistic Regression,0.12,0.5390793945010812,0.035431160006471445,0.9733333333333334,0.06837339993755853,6761,5962,6,219
Logistic Regression,0.13,0.556997219647822,0.03665713805279973,0.9688888888888889,0.07064160725858717,6994,5729,7,218
Logistic Regression,0.14,0.5729842446709916,0.0374956400418556,0.9555555555555556,0.07215975834871623,7204,5519,10,215
Logistic Regression,0.15,0.5898208217485326,0.03897751994198695,0.9555555555555556,0.07489984323288626,7422,5301,10,215
Logistic Regression,0.16,0.6045721346926166,0.0402028931053917,0.9511111111111111,0.07714491708723864,7614,5109,11,214
Logistic Regression,0.17,0.6185511275872722,0.04161804745235317,0.9511111111111111,0.07974659959008758,7795,4928,11,214
Logistic Regression,0.18,0.6325301204819277,0.04295220810647308,0.9466666666666667,0.08217592592592593,7977,4746,12,213
Logistic Regression,0.19,0.6451961692925549,0.04423117045691634,0.9422222222222222,0.08449581506576326,8142,4581,13,212
Logistic Regression,0.2,0.6590979301822675,0.045957077823542164,0.9422222222222222,0.08763952046300125,8322,4401,13,212
Logistic Regression,0.21,0.669060858819895,0.047077197679607316,0.9377777777777778,0.08965370724452942,8452,4271,14,211
Logistic Regression,0.22,0.6807228915662651,0.048718540752713,0.9377777777777778,0.09262510974539069,8603,4120,14,211
Logistic Regression,0.23,0.6904541241890639,0.050178359096313914,0.9377777777777778,0.09525959367945824,8729,3994,14,211
Logistic Regression,0.24,0.6982545566882916,0.05141325536062378,0.9377777777777778,0.09748209748209748,8830,3893,14,211
Logistic Regression,0.25,0.7074451652764906,0.05294855708908407,0.9377777777777778,0.1002375296912114,8949,3774,14,211
Logistic Regression,0.26,0.7163268458449181,0.05452196382428941,0.9377777777777778,0.10305250305250305,9064,3659,14,211
Logistic Regression,0.27,0.7248995983935743,0.055895661431993614,0.9333333333333333,0.10547463586137619,9176,3547,15,210
Logistic Regression,0.28,0.7324683348779735,0.05739273025416781,0.9333333333333333,0.10813594232749743,9274,3449,15,210
Logistic Regression,0.29,0.7391875193080012,0.05879059350503919,0.9333333333333333,0.11061364234922307,9361,3362,15,210
Logistic Regression,0.3,0.7471424158171146,0.06053617757278755,0.9333333333333333,0.1136978884677856,9464,3259,15,210
Logistic Regression,0.31,0.7557151683657708,0.06253722453841572,0.9333333333333333,0.11722020653084007,9575,3148,15,210
Logistic Regression,0.32,0.76274328081557,0.06401225114854518,0.9288888888888889,0.11977077363896849,9667,3056,16,209
Logistic Regression,0.33,0.7693852332406549,0.06464837590665405,0.9111111111111111,0.12073027090694935,9757,2966,20,205
Logistic Regression,0.34,0.7757954896509114,0.0661049902786779,0.9066666666666666,0.12322561159770462,9841,2882,21,204
Logistic Regression,0.35,0.7817423540315107,0.06779661016949153,0.9066666666666666,0.1261595547309833,9918,2805,21,204
Logistic Regression,0.36,0.7876892184121099,0.06928327645051195,0.9022222222222223,0.12868462757527735,9996,2727,22,203
Logistic Regression,0.37,0.7922459067037381,0.0707070707070707,0.9022222222222223,0.13113695090439276,10055,2668,22,203
Logistic Regression,0.38,0.7989650911337658,0.07291666666666667,0.9022222222222223,0.13492854769026255,10142,2581,22,203
Logistic Regression,0.39,0.8039079394501081,0.07463235294117647,0.9022222222222223,0.13786078098471988,10206,2517,22,203
Logistic Regression,0.4,0.8093914118010503,0.07663269158172896,0.9022222222222223,0.14126652748782184,10277,2446,22,203
Logistic Regression,0.41,0.8141025641025641,0.07811291569992267,0.8977777777777778,0.14372109569548203,10339,2384,23,202
Logistic Regression,0.42,0.8195088044485634,0.07995226730310262,0.8933333333333333,0.14676889375684557,10410,2313,24,201
Logistic Regression,0.43,0.8249922767995057,0.0819336337566571,0.8888888888888888,0.15003750937734434,10482,2241,25,200
Logistic Regression,0.44,0.8300123571207909,0.08312236286919832,0.8755555555555555,0.15183044315992292,10550,2173,28,197
Logistic Regression,0.45,0.8351096694470188,0.08550347222222222,0.8755555555555555,0.15579280347963623,10616,2107,28,197
Logistic Regression,0.46,0.8398208217485326,0.08746095493083444,0.8711111111111111,0.15896188158961883,10678,2045,29,196
Logistic Regression,0.47,0.8438368860055607,0.08841044434264773,0.8577777777777778,0.16029900332225913,10733,1990,32,193
Logistic Regression,0.48,0.847775718257646,0.08975563909774437,0.8488888888888889,0.1623459413514662,10786,1937,34,191
Logistic Regression,0.49,0.8516373185047884,0.09191530317613089,0.8488888888888889,0.16587060356057318,10836,1887,34,191
Logistic Regression,0.5,0.8548038307074451,0.09296606000983768,0.84,0.16740478299379982,10879,1844,36,189
Logistic Regression,0.51,0.8578158789002163,0.09437751004016064,0.8355555555555556,0.16959855660802886,10919,1804,37,188
Logistic Regression,0.52,0.862063639172073,0.09705730511099639,0.8355555555555556,0.17391304347826086,10974,1749,37,188
Logistic Regression,0.53,0.8647667593450726,0.09842105263157895,0.8311111111111111,0.176,11010,1713,38,187
Logistic Regression,0.54,0.8677788075378436,0.10005379236148466,0.8266666666666667,0.1785028790786948,11050,1673,39,186
Logistic Regression,0.55,0.8718721037998146,0.10254988913525499,0.8222222222222222,0.18235584031542632,11104,1619,40,185
Logistic Regression,0.56,0.8741890639481001,0.10338983050847457,0.8133333333333334,0.18345864661654135,11136,1587,42,183
Logistic Regression,0.57,0.8761970960766141,0.10311059907834101,0.7955555555555556,0.182559918408975,11166,1557,46,179
Logistic Regression,0.58,0.8790546802594995,0.10489098408956983,0.7911111111111111,0.18522372528616024,11204,1519,47,178
Logistic Regression,0.59,0.8831479765214705,0.10827250608272507,0.7911111111111111,0.19047619047619047,11257,1466,47,178
Logistic Regression,0.6,0.8863144887241273,0.11055590256089944,0.7866666666666666,0.19386637458926614,11299,1424,48,177
Logistic Regression,0.61,0.8901760889712697,0.11312217194570136,0.7777777777777778,0.19751693002257337,11351,1372,50,175
Logistic Regression,0.62,0.8934198331788693,0.11525649566955364,0.7688888888888888,0.20046349942062572,11395,1328,52,173
Logistic Regression,0.63,0.8969725054062403,0.11890034364261168,0.7688888888888888,0.20595238095238094,11441,1282,52,173
Logistic Regression,0.64,0.9005251776336114,0.12278211497515969,0.7688888888888888,0.211750305997552,11487,1236,52,173
Logistic Regression,0.65,0.9035372258263824,0.12518301610541727,0.76,0.21495914519170334,11528,1195,54,171
Logistic Regression,0.66,0.906317578004325,0.1280120481927711,0.7555555555555555,0.2189311010946555,11565,1158,55,170
Logistic Regression,0.67,0.9099474822366389,0.13213448006254885,0.7511111111111111,0.2247340425531915,11613,1110,56,169
Logistic Regression,0.68,0.9131912264442384,0.1360323886639676,0.7466666666666667,0.23013698630136986,11656,1067,57,168
Logistic Regression,0.69,0.9163577386468953,0.1407035175879397,0.7466666666666667,0.23678646934460887,11697,1026,57,168
Logistic Regression,0.7,0.9191380908248378,0.14507772020725387,0.7466666666666667,0.24295010845986983,11733,990,57,168
Logistic Regression,0.71,0.9216867469879518,0.14870881567230632,0.7422222222222222,0.24777448071216618,11767,956,58,167
Logistic Regression,0.72,0.9237720111214087,0.1510989010989011,0.7333333333333333,0.2505694760820046,11796,927,60,165
Logistic Regression,0.73,0.9262434352795799,0.15370018975332067,0.72,0.253322908522283,11831,892,63,162
Logistic Regression,0.74,0.9286376274328082,0.15835777126099707,0.72,0.25961538461538464,11862,861,63,162
Logistic Regression,0.75,0.930259499536608,0.15963855421686746,0.7066666666666667,0.26044226044226043,11886,837,66,159
Logistic Regression,0.76,0.9329626197096077,0.16475495307612095,0.7022222222222222,0.2668918918918919,11922,801,67,158
Logistic Regression,0.77,0.9353568118628359,0.16883116883116883,0.6933333333333334,0.27154046997389036,11955,768,69,156
Logistic Regression,0.78,0.9377510040160643,0.17249154453213078,0.68,0.2751798561151079,11989,734,72,153
Logistic Regression,0.79,0.9398362681495211,0.17488262910798122,0.6622222222222223,0.27669452181987003,12020,703,76,149
Logistic Regression,0.8,0.9416898362681495,0.1791767554479419,0.6577777777777778,0.28163653663177923,12045,678,77,148
Logistic Regression,0.81,0.9435434043867779,0.181360201511335,0.64,0.2826300294406281,12073,650,81,144
Logistic Regression,0.82,0.9454742045103491,0.18396846254927726,0.6222222222222222,0.2839756592292089,12102,621,85,140
Logistic Regression,0.83,0.9470960766141489,0.18493150684931506,0.6,0.28272251308900526,12128,595,90,135
Logistic Regression,0.84,0.9496447327772629,0.191027496382055,0.5866666666666667,0.28820960698689957,12164,559,93,132
Logistic Regression,0.85,0.9511893728761198,0.19398496240601504,0.5733333333333334,0.2898876404494382,12187,536,96,129
Logistic Regression,0.86,0.9535063330244054,0.20221169036334913,0.5688888888888889,0.29836829836829837,12218,505,97,128
Logistic Regression,0.87,0.9564411492122336,0.21124361158432708,0.5511111111111111,0.3054187192118227,12260,463,101,124
Logistic Regression,0.88,0.9586808773555762,0.21715328467153286,0.5288888888888889,0.3078913324708926,12294,429,106,119
Logistic Regression,0.89,0.9603799814643188,0.2198443579766537,0.5022222222222222,0.30581867388362655,12322,401,112,113
Logistic Regression,0.9,0.9625424776027186,0.226890756302521,0.48,0.30813124108416545,12355,368,117,108
Logistic Regression,0.91,0.9654772937905468,0.24423963133640553,0.4711111111111111,0.3216995447647951,12395,328,119,106
Logistic Regression,0.92,0.9680259499536608,0.2595419847328244,0.4533333333333333,0.3300970873786408,12432,291,123,102
Logistic Regression,0.93,0.9702656780970034,0.26744186046511625,0.4088888888888889,0.3233743409490334,12471,252,133,92
Logistic Regression,0.94,0.9722737102255175,0.27364864864864863,0.36,0.31094049904030713,12508,215,144,81
Logistic Regression,0.95,0.9741272783441458,0.2868217054263566,0.3288888888888889,0.3064182194616977,12539,184,151,74
Gradient Boosting,0.05,0.3724127278344146,0.02682956042639837,0.9955555555555555,0.05225099136925589,4598,8125,1,224
Gradient Boosting,0.06,0.4212233549582947,0.028660355336532228,0.9822222222222222,0.05569556451612903,5233,7490,4,221
Gradient Boosting,0.07,0.46277417361754714,0.030679124250453216,0.9777777777777777,0.05949161709031909,5772,6951,5,220
Gradient Boosting,0.08,0.49814643188137164,0.032493665225816065,0.9688888888888889,0.06287856936832997,6232,6491,7,218
Gradient Boosting,0.09,0.52494593759654,0.033972947467757156,0.96,0.0656235758772596,6581,6142,9,216
Gradient Boosting,0.1,0.5496601791782515,0.03561961563949635,0.9555555555555556,0.0686791247404568,6902,5821,10,215
Gradient Boosting,0.11,0.5721346926166203,0.03742384682332463,0.9555555555555556,0.07202680067001675,7193,5530,10,215
Gradient Boosting,0.12,0.5939141180105035,0.03918696209485442,0.9511111111111111,0.07527259936686599,7476,5247,11,214
Gradient Boosting,0.13,0.6116002471424158,0.040726577437858506,0.9466666666666667,0.07809349220898258,7706,5017,12,213
Gradient Boosting,0.14,0.6280506641952425,0.042273180458624125,0.9422222222222222,0.08091603053435115,7920,4803,13,212
Gradient Boosting,0.15,0.6429564411492122,0.0439651596847781,0.9422222222222222,0.08401030315038636,8113,4610,13,212
Gradient Boosting,0.16,0.6572443620636391,0.04552319309600863,0.9377777777777778,0.08683127572016461,8299,4424,14,211
Gradient Boosting,0.17,0.6711461229533519,0.047362514029180694,0.9377777777777778,0.09017094017094017,8479,4244,14,211
Gradient Boosting,0.18,0.682808155699722,0.04902416356877323,0.9377777777777778,0.09317730183263413,8630,4093,14,211
Gradient Boosting,0.19,0.6945474204510349,0.05038572806171649,0.9288888888888889,0.09558655385319002,8784,3939,16,209
Gradient Boosting,0.2,0.7045875810936052,0.05179282868525897,0.9244444444444444,0.09809007309596793,8915,3808,17,208
Gradient Boosting,0.21,0.7135464936669756,0.05333333333333334,0.9244444444444444,0.10084848484848485,9031,3692,17,208
Gradient Boosting,0.22,0.7224281742354032,0.05471847739888977,0.92,0.10329341317365269,9147,3576,18,207
Gradient Boosting,0.23,0.7313870868087735,0.05644941368966458,0.92,0.10637204522096609,9263,3460,18,207
Gradient Boosting,0.24,0.7400370713623726,0.05822784810126582,0.92,0.10952380952380952,9375,3348,18,207
Gradient Boosting,0.25,0.7482236638863144,0.05976211198143313,0.9155555555555556,0.11220043572984749,9482,3241,19,206
Gradient Boosting,0.26,0.7557924003707136,0.061510898775753955,0.9155555555555556,0.1152770005595971,9580,3143,19,206
Gradient Boosting,0.27,0.7626660488106272,0.06319018404907975,0.9155555555555556,0.11822094691535151,9669,3054,19,206
Gradient Boosting,0.28,0.7679178251467408,0.06453634085213032,0.9155555555555556,0.1205736025753585,9737,2986,19,206
Gradient Boosting,0.29,0.7741736175471116,0.06593760051463493,0.9111111111111111,0.12297540491901619,9819,2904,20,205
Gradient Boosting,0.3,0.7827463700957676,0.06809078771695594,0.9066666666666666,0.12666873641726173,9931,2792,21,204
Gradient Boosting,0.31,0.7897744825455669,0.06992766104030314,0.9022222222222223,0.12979539641943735,10023,2700,22,203
Gradient Boosting,0.32,0.7961075069508804,0.07196029776674938,0.9022222222222223,0.13328956007879186,10105,2618,22,203
Gradient Boosting,0.33,0.8015909793018227,0.0735080058224163,0.8977777777777778,0.1358896737302388,10177,2546,23,202
Gradient Boosting,0.34,0.8063793636082792,0.0748882265275708,0.8933333333333333,0.13819181849432796,10240,2483,24,201
Gradient Boosting,0.35,0.8119400679641644,0.07695252679938744,0.8933333333333333,0.1416989777934438,10312,2411,24,201
Gradient Boosting,0.36,0.8168829162805067,0.07855459544383346,0.8888888888888888,0.14435221941537352,10377,2346,25,200
Gradient Boosting,0.37,0.8215940685820204,0.08048289738430583,0.8888888888888888,0.14760147601476015,10438,2285,25,200
Gradient Boosting,0.38,0.8264596848934198,0.08223140495867769,0.8844444444444445,0.1504725897920605,10502,2221,26,199
Gradient Boosting,0.39,0.8307074451652765,0.08343922066920796,0.8755555555555555,0.15235885537509666,10559,2164,28,197
Gradient Boosting,0.4,0.835573061476676,0.08572671888598782,0.8755555555555555,0.15616329766151407,10622,2101,28,197
Gradient Boosting,0.41,0.840129749768304,0.08761734465802413,0.8711111111111111,0.15922014622258326,10682,2041,29,196
Gradient Boosting,0.42,0.8466172381835032,0.09027454630060493,0.8622222222222222,0.16343723673125526,10768,1955,31,194
Gradient Boosting,0.43,0.8507877664504171,0.09221213569039656,0.8577777777777778,0.16652286453839515,10823,1900,32,193
Gradient Boosting,0.44,0.8551899907321594,0.09399606299212598,0.8488888888888889,0.1692512184315463,10882,1841,34,191
Gradient Boosting,0.45,0.8583565029348161,0.09593169261677549,0.8488888888888889,0.1723826714801444,10923,1800,34,191
Gradient Boosting,0.46,0.8622181031819586,0.09840288511076764,0.8488888888888889,0.17636195752539244,10973,1750,34,191
Gradient Boosting,0.47,0.8653073833796725,0.0996309963099631,0.84,0.17813383600377003,11015,1708,36,189
Gradient Boosting,0.48,0.8689372876119864,0.10173160173160173,0.8355555555555556,0.18137964302942594,11063,1660,37,188
Gradient Boosting,0.49,0.871177015755329,0.10160132523467698,0.8177777777777778,0.1807465618860511,11096,1627,41,184
Gradient Boosting,0.5,0.8748841519925857,0.10346787947697555,0.8088888888888889,0.18346774193548387,11146,1577,43,182
Gradient Boosting,0.51,0.8795953042940995,0.10672169811320754,0.8044444444444444,0.18844351900052056,11208,1515,44,181
Gradient Boosting,0.52,0.8833024405313562,0.10935601458080195,0.8,0.19241047568145378,11257,1466,45,180
Gradient Boosting,0.53,0.8860827927092987,0.11131840796019901,0.7955555555555556,0.19530823786142934,11294,1429,46,179
Gradient Boosting,0.54,0.8892493049119555,0.11324376199616124,0.7866666666666666,0.19798657718120805,11337,1386,48,177
Gradient Boosting,0.55,0.8921841210997837,0.11505588428665352,0.7777777777777778,0.2004581901489118,11377,1346,50,175
Gradient Boosting,0.56,0.8954278653073834,0.11780636425186188,0.7733333333333333,0.2044653349001175,11420,1303,51,174
Gradient Boosting,0.57,0.8982082174853259,0.1202223766504517,0.7688888888888888,0.20793269230769232,11457,1266,52,173
Gradient Boosting,0.58,0.9009113376583257,0.12160228898426323,0.7555555555555555,0.20948860135551448,11495,1228,55,170
Gradient Boosting,0.59,0.9033055298115539,0.12325752017608217,0.7466666666666667,0.21158690176322417,11528,1195,57,168
Gradient Boosting,0.6,0.9056224899598394,0.12546957175056347,0.7422222222222222,0.21465295629820053,11559,1164,58,167
Gradient Boosting,0.61,0.9093296261970961,0.12900703674745895,0.7333333333333333,0.21941489361702127,11609,1114,60,165
Gradient Boosting,0.62,0.9120327463700958,0.1320450885668277,0.7288888888888889,0.22358554873892297,11645,1078,61,164
Gradient Boosting,0.63,0.9142724745134384,0.13459950454170108,0.7244444444444444,0.22701949860724233,11675,1048,62,163
Gradient Boosting,0.64,0.9174389867160951,0.1386986301369863,0.72,0.23259152907394112,11717,1006,63,162
Gradient Boosting,0.65,0.9199876428792091,0.14210061782877317,0.7155555555555555,0.23711340206185566,11751,972,64,161
Gradient Boosting,0.66,0.9226907630522089,0.145985401459854,0.7111111111111111,0.24224072672218017,11787,936,65,160
Gradient Boosting,0.67,0.9243898671609515,0.14766355140186915,0.7022222222222222,0.244015444015444,11811,912,67,158
Gradient Boosting,0.68,0.9267068273092369,0.151252408477842,0.6977777777777778,0.24861441013460014,11842,881,68,157
Gradient Boosting,0.69,0.9285603954278653,0.15346534653465346,0.6888888888888889,0.25101214574898784,11868,855,70,155
Gradient Boosting,0.7,0.9304911955514366,0.15526046986721145,0.6755555555555556,0.25249169435215946,11896,827,73,152
Gradient Boosting,0.71,0.9328853877046648,0.15961945031712474,0.6711111111111111,0.2578992314261315,11928,795,74,151
Gradient Boosting,0.72,0.9351251158480074,0.16319824753559695,0.6622222222222223,0.2618629173989455,11959,764,76,149
Gradient Boosting,0.73,0.9375965400061785,0.16685714285714287,0.6488888888888888,0.26545454545454544,11994,729,79,146
Gradient Boosting,0.74,0.9397590361445783,0.16845878136200718,0.6266666666666667,0.2655367231638418,12027,696,84,141
Gradient Boosting,0.75,0.9422304603027495,0.1735330836454432,0.6177777777777778,0.2709551656920078,12061,662,86,139
Gradient Boosting,0.76,0.9443157244362064,0.17454068241469817,0.5911111111111111,0.2695035460992908,12094,629,92,133
Gradient Boosting,0.77,0.9464782205746061,0.17857142857142858,0.5777777777777777,0.2728226652675761,12125,598,95,130
Gradient Boosting,0.78,0.9483317886932344,0.18376068376068377,0.5733333333333334,0.2783171521035599,12150,573,96,129
Gradient Boosting,0.79,0.9511893728761198,0.1902587519025875,0.5555555555555556,0.2834467120181406,12191,532,100,125
Gradient Boosting,0.8,0.9537380290392339,0.19838709677419356,0.5466666666666666,0.2911242603550296,12226,497,102,123
Gradient Boosting,0.81,0.955205437133148,0.19864176570458403,0.52,0.28746928746928746,12251,472,108,117
Gradient Boosting,0.82,0.9566728452270621,0.20212765957446807,0.5066666666666667,0.2889733840304182,12273,450,111,114
Gradient Boosting,0.83,0.9596076614148903,0.21346153846153845,0.49333333333333335,0.2979865771812081,12314,409,114,111
Gradient Boosting,0.84,0.9620790855730614,0.2217573221757322,0.4711111111111111,0.3015647226173542,12351,372,119,106
Gradient Boosting,0.85,0.9646277417361755,0.2334096109839817,0.4533333333333333,0.3081570996978852,12388,335,123,102
Gradient Boosting,0.86,0.9664813098548038,0.24069478908188585,0.4311111111111111,0.3089171974522293,12417,306,128,97
Gradient Boosting,0.87,0.9687210379981465,0.25675675675675674,0.4222222222222222,0.31932773109243695,12448,275,130,95
Gradient Boosting,0.88,0.9704973741118319,0.25846153846153846,0.37333333333333335,0.3054545454545455,12482,241,141,84
Gradient Boosting,0.89,0.9723509422304603,0.2698961937716263,0.3466666666666667,0.3035019455252918,12512,211,147,78
Gradient Boosting,0.9,0.9742817423540315,0.2768595041322314,0.29777777777777775,0.28693790149892934,12548,175,158,67
Gradient Boosting,0.91,0.9762897744825456,0.29081632653061223,0.25333333333333335,0.27078384798099764,12584,139,168,57
Gradient Boosting,0.92,0.9785295026258881,0.3197278911564626,0.2088888888888889,0.25268817204301075,12623,100,178,47
Gradient Boosting,0.93,0.9797652147049737,0.3391304347826087,0.17333333333333334,0.22941176470588234,12647,76,186,39
Gradient Boosting,0.94,0.9810781587890022,0.3717948717948718,0.1288888888888889,0.19141914191419143,12674,49,196,29
Gradient Boosting,0.95,0.9815415508186592,0.36538461538461536,0.08444444444444445,0.1371841155234657,12690,33,206,19
XGBoost,0.05,0.6153846153846154,0.04128882886359252,0.9511111111111111,0.07914201183431953,7754,4969,11,214
XGBoost,0.06,0.646663577386469,0.04459798994974874,0.9466666666666667,0.08518296340731854,8160,4563,12,213
XGBoost,0.07,0.6703738029039233,0.04766166927724323,0.9466666666666667,0.09075415423945463,8467,4256,12,213
XGBoost,0.08,0.6908402842137782,0.05066603235014272,0.9466666666666667,0.09618424023481599,8732,3991,12,213
XGBoost,0.09,0.7085264133456904,0.05313523042054898,0.9377777777777778,0.1005719733079123,8963,3760,14,211
XGBoost,0.1,0.723046030274946,0.05577583928099392,0.9377777777777778,0.10528942115768464,9151,3572,14,211
XGBoost,0.11,0.736793327154773,0.058529819694868236,0.9377777777777778,0.11018276762402089,9329,3394,14,211
XGBoost,0.12,0.7489187519308002,0.060685249709639955,0.9288888888888889,0.11392750068138457,9488,3235,16,209
XGBoost,0.13,0.7605807846771703,0.06320267395928289,0.9244444444444444,0.11831626848691695,9640,3083,17,208
XGBoost,0.14,0.7703120172999691,0.06461830852074754,0.9066666666666666,0.12063867534003549,9770,2953,21,204
XGBoost,0.15,0.7796570898980537,0.06690837178642056,0.9022222222222223,0.12457809143909175,9892,2831,22,203
XGBoost,0.16,0.7869168983626815,0.06757679180887372,0.88,0.12551505546751188,9991,2732,27,198
XGBoost,0.17,0.7951034908866235,0.06950354609929078,0.8711111111111111,0.12873563218390804,10099,2624,29,196
XGBoost,0.18,0.8032128514056225,0.07124400147655961,0.8577777777777778,0.13156100886162236,10207,2516,32,193
XGBoost,0.19,0.8092369477911646,0.07303157093952073,0.8533333333333334,0.1345480028030834,10286,2437,33,192
XGBoost,0.2,0.8156472042014211,0.07474429583005507,0.8444444444444444,0.13733285146367907,10371,2352,35,190
XGBoost,0.21,0.821825764596849,0.07717303005686434,0.8444444444444444,0.14142165984369184,10451,2272,35,190
XGBoost,0.22,0.8276181649675626,0.07924528301886792,0.84,0.14482758620689656,10527,2196,36,189
XGBoost,0.23,0.8335650293481619,0.0818890814558059,0.84,0.14923016186340307,10604,2119,36,189
XGBoost,0.24,0.8396663577386468,0.08441850022451729,0.8355555555555556,0.1533442088091354,10684,2039,37,188
XGBoost,0.25,0.8443775100401606,0.08641404805914972,0.8311111111111111,0.15655085809962327,10746,1977,38,187
XGBoost,0.26,0.8489341983317887,0.0884450784593438,0.8266666666666667,0.15979381443298968,10806,1917,39,186
XGBoost,0.27,0.8532591906085882,0.09046454767726161,0.8222222222222222,0.16299559471365638,10863,1860,40,185
XGBoost,0.28,0.8577386468952733,0.09228441754916793,0.8133333333333334,0.16576086956521738,10923,1800,42,183
XGBoost,0.29,0.8614457831325302,0.09457364341085271,0.8133333333333334,0.16944444444444445,10971,1752,42,183
XGBoost,0.3,0.8657707754093297,0.09739222990952634,0.8133333333333334,0.17395437262357413,11027,1696,42,183
XGBoost,0.31,0.870172999691072,0.10043907793633369,0.8133333333333334,0.1787982413287738,11084,1639,42,183
XGBoost,0.32,0.8730305838739574,0.10207515423443635,0.8088888888888889,0.18127490039840638,11122,1601,43,182
XGBoost,0.33,0.8768921841210998,0.10502019619157531,0.8088888888888889,0.18590398365679264,11172,1551,43,182
XGBoost,0.34,0.879827000308928,0.10597986974541149,0.7955555555555556,0.18704284221525602,11213,1510,46,179
XGBoost,0.35,0.8829935125115848,0.10814094775212636,0.7911111111111111,0.1902725815072154,11255,1468,47,178
XGBoost,0.36,0.8856194006796416,0.10945273631840796,0.7822222222222223,0.19203491543917076,11291,1432,49,176
XGBoost,0.37,0.8886314488724127,0.11118210862619808,0.7733333333333333,0.19441340782122904,11332,1391,51,174
XGBoost,0.38,0.8910256410256411,0.11140235910878113,0.7555555555555555,0.1941747572815534,11367,1356,55,170
XGBoost,0.39,0.894114921223355,0.11388140161725067,0.7511111111111111,0.19777647747220597,11408,1315,56,169
XGBoost,0.4,0.8973586654309545,0.11666666666666667,0.7466666666666667,0.2018018018018018,11451,1272,57,168
XGBoost,0.41,0.8992122335495829,0.11756373937677053,0.7377777777777778,0.2028100183262065,11477,1246,59,166
XGBoost,0.42,0.901683657707754,0.11973875181422351,0.7333333333333333,0.20586400499064256,11510,1213,60,165
XGBoost,0.43,0.9040006178560396,0.12240356083086053,0.7333333333333333,0.2097902097902098,11540,1183,60,165
XGBoost,0.44,0.9064720420142107,0.12423780487804878,0.7244444444444444,0.21210149642160053,11574,1149,62,163
XGBoost,0.45,0.9085573061476676,0.12626656274356976,0.72,0.21485411140583555,11602,1121,63,162
XGBoost,0.46,0.911414890330553,0.13001605136436598,0.72,0.2202583276682529,11639,1084,63,162
XGBoost,0.47,0.9138090824837812,0.13212221304706853,0.7111111111111111,0.22284122562674094,11672,1051,65,160
XGBoost,0.48,0.915971578622181,0.13463166807790009,0.7066666666666667,0.22617354196301565,11701,1022,66,159
XGBoost,0.49,0.9175934507259809,0.13644214162348878,0.7022222222222222,0.2284887924801157,11723,1000,67,158
XGBoost,0.5,0.9193697868396663,0.13920704845814977,0.7022222222222222,0.2323529411764706,11746,977,67,158
XGBoost,0.51,0.9213005869632376,0.14169675090252706,0.6977777777777778,0.2355588897224306,11772,951,68,157
XGBoost,0.52,0.9233858510966945,0.14391829155060354,0.6888888888888889,0.23809523809523808,11801,922,70,155
XGBoost,0.53,0.9250849552054371,0.1462488129154796,0.6844444444444444,0.24100156494522693,11824,899,71,154
XGBoost,0.54,0.9269385233240655,0.14897760467380722,0.68,0.24440894568690097,11849,874,72,153
XGBoost,0.55,0.9289465554525795,0.15215215215215216,0.6755555555555556,0.24836601307189543,11876,847,73,152
XGBoost,0.56,0.9309545875810936,0.15621788283658788,0.6755555555555556,0.25375626043405675,11902,821,73,152
XGBoost,0.57,0.9324219956750077,0.15932914046121593,0.6755555555555556,0.2578456318914334,11921,802,73,152
XGBoost,0.58,0.9348934198331789,0.16339869281045752,0.6666666666666666,0.26246719160104987,11955,768,75,150
XGBoost,0.59,0.936360827927093,0.16310461192350956,0.6444444444444445,0.26032315978456017,11979,744,80,145
XGBoost,0.6,0.9379827000308928,0.16628175519630484,0.64,0.26397800183318054,12001,722,81,144
XGBoost,0.61,0.9387550200803213,0.16744730679156908,0.6355555555555555,0.26506024096385544,12012,711,82,143
XGBoost,0.62,0.940917516218721,0.17153284671532848,0.6266666666666667,0.2693409742120344,12042,681,84,141
XGBoost,0.63,0.9432344763670065,0.17557251908396945,0.6133333333333333,0.27299703264094954,12075,648,87,138
XGBoost,0.64,0.9448563484708064,0.17955439056356487,0.6088888888888889,0.2773279352226721,12097,626,88,137
XGBoost,0.65,0.9467871485943775,0.18478260869565216,0.6044444444444445,0.28303850156087407,12123,600,89,136
XGBoost,0.66,0.9479456286685203,0.18776077885952713,0.6,0.2860169491525424,12139,584,90,135
XGBoost,0.67,0.9491813407476059,0.19027181688125894,0.5911111111111111,0.2878787878787879,12157,566,92,133
XGBoost,0.68,0.9504170528266914,0.19111111111111112,0.5733333333333334,0.2866666666666667,12177,546,96,129
XGBoost,0.69,0.9514210688909485,0.19207317073170732,0.56,0.28603859250851305,12193,530,99,126
XGBoost,0.7,0.9529657089898054,0.1971608832807571,0.5555555555555556,0.2910360884749709,12214,509,100,125
XGBoost,0.71,0.9542786530738337,0.200652528548124,0.5466666666666666,0.2935560859188544,12233,490,102,123
XGBoost,0.72,0.955205437133148,0.20168067226890757,0.5333333333333333,0.2926829268292683,12248,475,105,120
XGBoost,0.73,0.9569045412418906,0.20738137082601055,0.5244444444444445,0.2972292191435768,12272,451,107,118
XGBoost,0.74,0.9582947173308619,0.21311475409836064,0.52,0.3023255813953488,12291,432,108,117
XGBoost,0.75,0.959762125424776,0.21206225680933852,0.48444444444444446,0.29499323410013534,12318,405,116,109
XGBoost,0.76,0.9613839975285758,0.219959266802444,0.48,0.3016759776536313,12340,383,117,108
XGBoost,0.77,0.9626197096076614,0.226215644820296,0.47555555555555556,0.30659025787965616,12357,366,118,107
XGBoost,0.78,0.9632375656472042,0.22417582417582418,0.4533333333333333,0.3,12370,353,123,102
XGBoost,0.79,0.9645505097312326,0.22790697674418606,0.43555555555555553,0.29923664122137406,12391,332,127,98
XGBoost,0.8,0.9659406858202039,0.23399014778325122,0.4222222222222222,0.3011093502377179,12412,311,130,95
XGBoost,0.81,0.9672536299042324,0.2402088772845953,0.4088888888888889,0.3026315789473684,12432,291,133,92
XGBoost,0.82,0.9684893419833179,0.24079320113314448,0.37777777777777777,0.29411764705882354,12455,268,140,85
XGBoost,0.83,0.9697250540624035,0.24773413897280966,0.36444444444444446,0.2949640287769784,12474,249,143,82
XGBoost,0.84,0.9708835341365462,0.25163398692810457,0.3422222222222222,0.2900188323917137,12494,229,148,77
XGBoost,0.85,0.9718103181958604,0.2535211267605634,0.32,0.2829076620825147,12511,212,153,72
XGBoost,0.86,0.9733549582947173,0.2692307692307692,0.3111111111111111,0.28865979381443296,12533,190,155,70
XGBoost,0.87,0.9748223663886314,0.2832618025751073,0.29333333333333333,0.28820960698689957,12556,167,159,66
XGBoost,0.88,0.976058078467717,0.2966507177033493,0.27555555555555555,0.2857142857142857,12576,147,163,62
XGBoost,0.89,0.977062094531974,0.3064516129032258,0.25333333333333335,0.2773722627737226,12594,129,168,57
XGBoost,0.9,0.9775254865616312,0.30120481927710846,0.2222222222222222,0.2557544757033248,12607,116,175,50
XGBoost,0.91,0.9782978066110596,0.3,0.18666666666666668,0.23013698630136986,12625,98,183,42
XGBoost,0.92,0.9788384306456596,0.3008130081300813,0.16444444444444445,0.21264367816091953,12637,86,188,37
XGBoost,0.93,0.9793018226753166,0.2828282828282828,0.12444444444444444,0.1728395061728395,12652,71,197,28
XGBoost,0.94,0.9802286067346309,0.3037974683544304,0.10666666666666667,0.15789473684210525,12668,55,201,24
XGBoost,0.95,0.9813098548038307,0.32653061224489793,0.07111111111111111,0.11678832116788321,12690,33,209,16
CatBoost,0.05,0.4252394192153228,0.02885494189842016,0.9822222222222222,0.056062912227295786,5285,7438,4,221
CatBoost,0.06,0.4647049737411183,0.030786453960257486,0.9777777777777777,0.05969339302672636,5797,6926,5,220
CatBoost,0.07,0.4980691998764288,0.03276735180220435,0.9777777777777777,0.06340971321516069,6229,6494,5,220
CatBoost,0.08,0.5266450417052827,0.034237929946355314,0.9644444444444444,0.0661282949870486,6602,6121,8,217
CatBoost,0.09,0.54935125115848,0.03590337524818001,0.9644444444444444,0.06922954219173712,6896,5827,8,217
CatBoost,0.1,0.5737565647204201,0.037884078212290506,0.9644444444444444,0.07290441794053419,7212,5511,8,217
CatBoost,0.11,0.592678405931418,0.03940886699507389,0.96,0.07570977917981073,7458,5265,9,216
CatBoost,0.12,0.6126814952116157,0.04101188194710617,0.9511111111111111,0.07863310674260518,7719,5004,11,214
CatBoost,0.13,0.6297497683039852,0.04264264264264264,0.9466666666666667,0.08160919540229886,7941,4782,12,213
CatBoost,0.14,0.6459684893419834,0.04432364624712524,0.9422222222222222,0.08466453674121406,8152,4571,13,212
CatBoost,0.15,0.660874266295953,0.04618736383442266,0.9422222222222222,0.08805815160955348,8345,4378,13,212
CatBoost,0.16,0.6724590670373803,0.04754393871113114,0.9377777777777778,0.09049967831867896,8496,4227,14,211
CatBoost,0.17,0.6826536916898363,0.04879182156133829,0.9333333333333333,0.09273570324574962,8629,4094,15,210
CatBoost,0.18,0.6944701884460921,0.050590219224283306,0.9333333333333333,0.09597806215722121,8782,3941,15,210
CatBoost,0.19,0.705668829162805,0.052421367948077884,0.9333333333333333,0.09926731269203498,8927,3796,15,210
CatBoost,0.2,0.7167902378745752,0.05437597099948213,0.9333333333333333,0.10276486420357231,9071,3652,15,210
CatBoost,0.21,0.7258263824528884,0.056074766355140186,0.9333333333333333,0.10579345088161209,9188,3535,15,210
CatBoost,0.22,0.735248687055916,0.057474440453163855,0.9244444444444444,0.10822060353798127,9312,3411,17,208
CatBoost,0.23,0.7455977757182577,0.059431524547803614,0.92,0.11165048543689321,9447,3276,18,207
CatBoost,0.24,0.7530892801977139,0.060874704491725766,0.9155555555555556,0.114159046827376,9545,3178,19,206
CatBoost,0.25,0.7615848007414272,0.06265281173594132,0.9111111111111111,0.11724335144409494,9656,3067,20,205
CatBoost,0.26,0.7691535372258264,0.0640378548895899,0.9022222222222223,0.11958762886597939,9756,2967,22,203
CatBoost,0.27,0.7758727216558542,0.06584495621148233,0.9022222222222223,0.12273276904474002,9843,2880,22,203
CatBoost,0.28,0.7836731541550819,0.06807511737089202,0.9022222222222223,0.12659806672903023,9944,2779,22,203
CatBoost,0.29,0.7905468025949953,0.07016937435188386,0.9022222222222223,0.1302116741500962,10033,2690,22,203
CatBoost,0.3,0.7976521470497374,0.07216863165416221,0.8977777777777778,0.1335978835978836,10126,2597,23,202
CatBoost,0.31,0.8038307074451653,0.07366482504604052,0.8888888888888888,0.1360544217687075,10208,2515,25,200
CatBoost,0.32,0.8090052517763361,0.07520786092214664,0.8844444444444445,0.13862765586903517,10276,2447,26,199
CatBoost,0.33,0.8139481000926784,0.07707203718048025,0.8844444444444445,0.1417883861774136,10340,2383,26,199
CatBoost,0.34,0.819740500463392,0.07904191616766468,0.88,0.14505494505494507,10416,2307,27,198
CatBoost,0.35,0.8257645968489342,0.08123711340206186,0.8755555555555555,0.14867924528301887,10495,2228,28,197
CatBoost,0.36,0.8303212851405622,0.0825571549534293,0.8666666666666667,0.1507537688442211,10556,2167,30,195
CatBoost,0.37,0.8354185974667903,0.08456843940714909,0.8622222222222222,0.1540293767368003,10623,2100,31,194
CatBoost,0.38,0.8405159097930183,0.08633093525179857,0.8533333333333334,0.15679869334422214,10691,2032,33,192
CatBoost,0.39,0.8453815261044176,0.08884775566867191,0.8533333333333334,0.16093880972338642,10754,1969,33,192
CatBoost,0.4,0.8508649984553599,0.09186602870813397,0.8533333333333334,0.16587473002159828,10825,1898,33,192
CatBoost,0.41,0.8548038307074451,0.09296606000983768,0.84,0.16740478299379982,10879,1844,36,189
CatBoost,0.42,0.8582792709298733,0.09507042253521127,0.84,0.17080885675553548,10924,1799,36,189
CatBoost,0.43,0.8629131912264443,0.0976116303219107,0.8355555555555556,0.17480241748024175,10985,1738,37,188
CatBoost,0.44,0.8673926475131294,0.09978540772532189,0.8266666666666667,0.17807563427477263,11045,1678,39,186
CatBoost,0.45,0.8705591597157862,0.1015925315760571,0.8222222222222222,0.18084066471163246,11087,1636,40,185
CatBoost,0.46,0.8749613839975285,0.10442678774120318,0.8177777777777778,0.1852038248616004,11145,1578,41,184
CatBoost,0.47,0.8789774482545567,0.10714285714285714,0.8133333333333334,0.1893429901707191,11198,1525,42,183
CatBoost,0.48,0.8829935125115848,0.1105072463768116,0.8133333333333334,0.19457735247208932,11250,1473,42,183
CatBoost,0.49,0.8857738646895273,0.11248454882571075,0.8088888888888889,0.19750406945198046,11287,1436,43,182
CatBoost,0.5,0.8889403768921841,0.11344805608667942,0.7911111111111111,0.19843924191750278,11332,1391,47,178
CatBoost,0.51,0.8921068890948409,0.11548556430446194,0.7822222222222223,0.20125786163522014,11375,1348,49,176
CatBoost,0.52,0.8948872412727834,0.11725067385444744,0.7733333333333333,0.20362785254534815,11413,1310,51,174
CatBoost,0.53,0.8984399135001545,0.12100139082058414,0.7733333333333333,0.20926037282020446,11459,1264,51,174
CatBoost,0.54,0.9015291936978684,0.12284482758620689,0.76,0.21150278293135436,11502,1221,54,171
CatBoost,0.55,0.9046184738955824,0.12481426448736999,0.7466666666666667,0.2138765117759389,11545,1178,57,168
CatBoost,0.56,0.9075532900834106,0.1273006134969325,0.7377777777777778,0.2171353826030085,11585,1138,59,166
CatBoost,0.57,0.9102564102564102,0.12964426877470356,0.7288888888888889,0.22013422818791947,11622,1101,61,164
CatBoost,0.58,0.9131139944392956,0.13355048859934854,0.7288888888888889,0.22573984858912594,11659,1064,61,164
CatBoost,0.59,0.9152764905776954,0.13606010016694492,0.7244444444444444,0.22909346451159524,11688,1035,62,163
CatBoost,0.6,0.9175934507259809,0.13769363166953527,0.7111111111111111,0.23071377072819033,11721,1002,65,160
CatBoost,0.61,0.9202193388940377,0.14120781527531084,0.7066666666666667,0.23538119911176905,11756,967,66,159
CatBoost,0.62,0.9228452270620945,0.143646408839779,0.6933333333333334,0.2379862700228833,11793,930,69,156
CatBoost,0.63,0.9254711152301514,0.14694656488549618,0.6844444444444444,0.24194815396700706,11829,894,71,154
CatBoost,0.64,0.9275563793636082,0.14945919370698132,0.6755555555555556,0.24476650563607086,11858,865,73,152
CatBoost,0.65,0.930259499536608,0.1540816326530612,0.6711111111111111,0.25062240663900415,11894,829,74,151
CatBoost,0.66,0.9326536916898363,0.15911485774499473,0.6711111111111111,0.2572402044293015,11925,798,74,151
CatBoost,0.67,0.9347389558232931,0.16304347826086957,0.6666666666666666,0.26200873362445415,11953,770,75,150
CatBoost,0.68,0.9362835959221502,0.1644295302013423,0.6533333333333333,0.26273458445040215,11976,747,78,147
CatBoost,0.69,0.9391411801050356,0.16998827667057445,0.6444444444444445,0.2690166975881262,12015,708,80,145
CatBoost,0.7,0.9415353722582638,0.17401960784313725,0.6311111111111111,0.2728146013448607,12049,674,83,142
CatBoost,0.71,0.9430800123571208,0.17676767676767677,0.6222222222222222,0.2753195673549656,12071,652,85,140
CatBoost,0.72,0.9460920605498919,0.1842456608811749,0.6133333333333333,0.28336755646817247,12112,611,87,138
CatBoost,0.73,0.9481773246833488,0.19027777777777777,0.6088888888888889,0.28994708994708995,12140,583,88,137
CatBoost,0.74,0.9493358047574915,0.18813314037626627,0.5777777777777777,0.2838427947598253,12162,561,95,130
CatBoost,0.75,0.9514983008958913,0.19142419601837674,0.5555555555555556,0.2847380410022779,12195,528,100,125
CatBoost,0.76,0.9528884769848626,0.19395866454689983,0.5422222222222223,0.2857142857142857,12216,507,103,122
CatBoost,0.77,0.9551282051282052,0.20234113712374582,0.5377777777777778,0.29404617253948967,12246,477,104,121
CatBoost,0.78,0.9567500772320049,0.20458553791887124,0.5155555555555555,0.29292929292929293,12272,451,109,116
CatBoost,0.79,0.9585264133456904,0.208955223880597,0.49777777777777776,0.2943495400788436,12299,424,113,112
CatBoost,0.8,0.9606889094840902,0.21713147410358566,0.48444444444444446,0.2998624484181568,12330,393,116,109
CatBoost,0.81,0.9628514056224899,0.2264957264957265,0.4711111111111111,0.3059163059163059,12361,362,119,106
CatBoost,0.82,0.9653228297806611,0.24193548387096775,0.4666666666666667,0.3186646433990895,12394,329,120,105
CatBoost,0.83,0.9664040778498609,0.24759615384615385,0.4577777777777778,0.3213728549141966,12410,313,122,103
CatBoost,0.84,0.9681804139635465,0.2545931758530184,0.4311111111111111,0.3201320132013201,12439,284,128,97
CatBoost,0.85,0.968412109978375,0.24444444444444444,0.39111111111111113,0.30085470085470084,12451,272,137,88
CatBoost,0.86,0.9704973741118319,0.2554517133956386,0.36444444444444446,0.30036630036630035,12484,239,143,82
CatBoost,0.87,0.9721192462156317,0.2655172413793103,0.3422222222222222,0.29902912621359223,12510,213,148,77
CatBoost,0.88,0.9741272783441458,0.28174603174603174,0.31555555555555553,0.2976939203354298,12542,181,154,71
CatBoost,0.89,0.9759036144578314,0.30666666666666664,0.30666666666666664,0.30666666666666664,12567,156,156,69
CatBoost,0.9,0.9772165585418597,0.32142857142857145,0.28,0.2992874109263658,12590,133,162,63
CatBoost,0.91,0.9782978066110596,0.3390804597701149,0.26222222222222225,0.2957393483709273,12608,115,166,59
CatBoost,0.92,0.9794562866852023,0.3546099290780142,0.2222222222222222,0.273224043715847,12632,91,175,50
CatBoost,0.93,0.981155390793945,0.4077669902912621,0.18666666666666668,0.25609756097560976,12662,61,183,42
CatBoost,0.94,0.9822366388631449,0.46987951807228917,0.17333333333333334,0.2532467532467532,12679,44,186,39
CatBoost,0.95,0.9824683348779735,0.48214285714285715,0.12,0.19217081850533807,12694,29,198,27
