feature,importance
days_since_last_recharge,9.047128456203145
tenure_months,7.350098928912809
outgoing_to_competitor_pct,6.909178275279594
avg_sinr_db,6.332074412038115
site_congestion_score,5.987326798457409
arpu_last_month_inr,5.1590747281490925
avg_recharge_gap_days,4.938645192584079
app_logins_30d,4.537933646875463
arpu_6m_avg_inr,3.819026378513997
arpu_3m_avg_inr,3.5936840397930903
drop_call_rate_pct,3.176168211379076
plan_validity_days,2.798090338644073
zone,2.6959955277836976
unresolved_complaints,2.6073791821652375
autopay_enabled,2.507394258465671
complaints_6m,2.407470027174746
circle,2.336991579951894
avg_resolution_days,2.22536023382598
recharge_count_6m,2.197366040058557
num_services,2.0838895605540118
data_gb_3m_avg,2.067249583258178
voice_minutes_last_month,1.9674055128776675
home_product,1.8851943038481458
circle_code,1.78934254631497
data_gb_last_month,1.5384319568103648
device_brand,1.489176454582782
sms_count_last_month,1.4859017408485915
is_5g_device,1.140672694496676
plan_price_inr,1.041547858426802
payment_failures_6m,0.7814845246640892
family_plan_flag,0.703209133319839
is_5g_active,0.650467079518228
offer_redeemed_90d,0.33850937890845384
plan_type,0.2408537538830709
offer_exposed_90d,0.12615369301778326
roaming_user_flag,0.04412396841461344
