feature,coefficient,absolute_coefficient
categorical__device_brand_Motorola,-0.2323971357054228,0.2323971357054228
categorical__device_brand_Tecno,0.16084285436984236,0.16084285436984236
categorical__device_brand_JioBharat / JioPhone,-0.16023597352557503,0.16023597352557503
categorical__device_brand_Apple,0.15150513260799967,0.15150513260799967
numeric__arpu_6m_avg_inr,0.14997660172321003,0.14997660172321003
categorical__home_product_JioFiber,-0.12853439181458684,0.12853439181458684
categorical__circle_Himachal Pradesh,-0.12581960986169471,0.12581960986169471
categorical__circle_code_HP,-0.12581960986169471,0.12581960986169471
numeric__arpu_last_month_inr,-0.1208748428511163,0.1208748428511163
categorical__device_brand_OPPO,-0.09532566705477766,0.09532566705477766
categorical__circle_West Bengal,-0.08918871265297644,0.08918871265297644
categorical__circle_code_WB,-0.08918871265297644,0.08918871265297644
categorical__is_5g_active_False,-0.08768736985292912,0.08768736985292912
numeric__plan_validity_days,-0.0808351239236374,0.0808351239236374
categorical__plan_type_Postpaid,-0.07747570503217888,0.07747570503217888
categorical__autopay_enabled_True,-0.07379312784791539,0.07379312784791539
categorical__family_plan_flag_False,-0.073738930612863,0.073738930612863
categorical__circle_code_UPE,-0.07252989083366179,0.07252989083366179
categorical__circle_Uttar Pradesh East,-0.07252989083366179,0.07252989083366179
categorical__circle_code_KA,0.07246770938269348,0.07246770938269348
categorical__circle_Karnataka,0.07246770938269348,0.07246770938269348
categorical__device_brand_vivo,0.07151365208662006,0.07151365208662006
categorical__roaming_user_flag_True,-0.06882153933135213,0.06882153933135213
categorical__is_5g_device_True,-0.06563822307519193,0.06563822307519193
categorical__circle_code_PB,0.06427102905277422,0.06427102905277422
categorical__circle_Punjab,0.06427102905277422,0.06427102905277422
numeric__avg_recharge_gap_days,0.06390904217361684,0.06390904217361684
categorical__circle_Kolkata,-0.061587157957656666,0.061587157957656666
categorical__circle_code_KO,-0.061587157957656666,0.061587157957656666
numeric__data_gb_last_month,0.059029738020234465,0.059029738020234465
categorical__circle_code_AP,-0.05881410532086095,0.05881410532086095
categorical__circle_Andhra Pradesh & Telangana,-0.05881410532086095,0.05881410532086095
categorical__is_5g_device_False,-0.058098723385843404,0.058098723385843404
categorical__zone_East,-0.05491699229599917,0.05491699229599917
categorical__roaming_user_flag_False,-0.054915407129682514,0.054915407129682514
numeric__data_gb_3m_avg,-0.05323728806282052,0.05323728806282052
categorical__circle_code_RJ,0.052989501536924305,0.052989501536924305
categorical__circle_Rajasthan,0.052989501536924305,0.052989501536924305
numeric__avg_resolution_days,0.052950965436973946,0.052950965436973946
numeric__outgoing_to_competitor_pct,0.05246320947460499,0.05246320947460499
categorical__family_plan_flag_True,-0.04999801584817074,0.04999801584817074
categorical__autopay_enabled_False,-0.04994381861311799,0.04994381861311799
categorical__plan_type_Prepaid,-0.04626124142885628,0.04626124142885628
categorical__circle_code_JK,0.04156657091337054,0.04156657091337054
categorical__circle_Jammu & Kashmir,0.04156657091337054,0.04156657091337054
categorical__zone_West,-0.039225326789754746,0.039225326789754746
categorical__circle_code_TN,-0.03802877494309123,0.03802877494309123
categorical__circle_Tamil Nadu,-0.03802877494309123,0.03802877494309123
categorical__device_brand_Samsung,-0.03703021940178538,0.03703021940178538
categorical__is_5g_active_True,-0.036049576608103845,0.036049576608103845
categorical__zone_South,-0.03219185438625394,0.03219185438625394
categorical__home_product_Missing,0.030130964149225593,0.030130964149225593
categorical__circle_North East,0.029890622152659533,0.029890622152659533
categorical__circle_code_NE,0.029890622152659533,0.029890622152659533
categorical__circle_Uttar Pradesh West,0.027957843583495175,0.027957843583495175
categorical__circle_code_UPW,0.027957843583495175,0.027957843583495175
categorical__circle_Bihar & Jharkhand,0.027119926447001667,0.027119926447001667
categorical__circle_code_BH,0.027119926447001667,0.027119926447001667
categorical__circle_code_GJ,-0.025662964040166596,0.025662964040166596
categorical__circle_Gujarat,-0.025662964040166596,0.025662964040166596
categorical__home_product_JioAirFiber,-0.025333518795672937,0.025333518795672937
categorical__circle_Delhi NCR,0.024163296515695463,0.024163296515695463
categorical__circle_code_DL,0.024163296515695463,0.024163296515695463
categorical__circle_Odisha,0.021747460961133527,0.021747460961133527
categorical__circle_code_OR,0.021747460961133527,0.021747460961133527
numeric__voice_minutes_last_month,0.021489786769887914,0.021489786769887914
numeric__arpu_3m_avg_inr,0.02128878666029289,0.02128878666029289
numeric__avg_sinr_db,-0.021256938304451082,0.021256938304451082
categorical__device_brand_POCO,0.020298859364582186,0.020298859364582186
numeric__days_since_last_recharge,-0.018583739876027478,0.018583739876027478
categorical__device_brand_OnePlus,0.01834387257361234,0.01834387257361234
categorical__circle_code_HR,-0.017475625771740878,0.017475625771740878
categorical__circle_Haryana,-0.017475625771740878,0.017475625771740878
categorical__circle_Assam,0.01710086875383877,0.01710086875383877
categorical__circle_code_AS,0.017100868753838764,0.017100868753838764
categorical__device_brand_Xiaomi,-0.016209087518950577,0.016209087518950577
numeric__site_congestion_score,-0.01571757975152828,0.01571757975152828
numeric__num_services,-0.014918214697907006,0.014918214697907006
numeric__unresolved_complaints,-0.013145819565504514,0.013145819565504514
numeric__recharge_count_6m,0.01059005183151296,0.01059005183151296
numeric__drop_call_rate_pct,-0.009874251259396985,0.009874251259396985
numeric__sms_count_last_month,0.009127909113811958,0.009127909113811958
numeric__complaints_6m,-0.009000186390709387,0.009000186390709387
categorical__circle_Kerala,-0.007816683504995259,0.007816683504995259
categorical__circle_code_KL,-0.007816683504995259,0.007816683504995259
categorical__circle_code_MP,0.007474111875810295,0.007474111875810295
categorical__circle_Madhya Pradesh & Chhattisgarh,0.007474111875810295,0.007474111875810295
numeric__payment_failures_6m,0.007458635762588263,0.007458635762588263
categorical__circle_Maharashtra & Goa,-0.0068062606252300584,0.0068062606252300584
categorical__circle_code_MH,-0.0068062606252300584,0.0068062606252300584
categorical__circle_code_MU,-0.006756102124358093,0.006756102124358093
categorical__circle_Mumbai,-0.006756102124358093,0.006756102124358093
categorical__device_brand_realme,-0.005043234257180211,0.005043234257180211
numeric__tenure_months,0.004269643370194693,0.004269643370194693
categorical__zone_North,0.002597227010973667,0.002597227010973667
numeric__app_logins_30d,-0.0020639620282452307,0.0020639620282452307
numeric__plan_price_inr,-0.0005079812891864533,0.0005079812891864533
