explanation_id,churn_probability_30d
HIGH_RISK_001,0.9770512392773846
HIGH_RISK_002,0.9755681541841356
HIGH_RISK_003,0.974699685443916
HIGH_RISK_004,0.9736831847984718
HIGH_RISK_005,0.9725557502258553
HIGH_RISK_006,0.9718938005299194
HIGH_RISK_007,0.971252831268184
HIGH_RISK_008,0.9698917402867921
HIGH_RISK_009,0.9687511265515532
HIGH_RISK_010,0.965922590027993
HIGH_RISK_011,0.9652622824934646
HIGH_RISK_012,0.9624561153395901
HIGH_RISK_013,0.9599675096141326
HIGH_RISK_014,0.9590779620604427
HIGH_RISK_015,0.958513549478396
HIGH_RISK_016,0.9581646341459524
HIGH_RISK_017,0.9562370289635916
HIGH_RISK_018,0.956113180174723
HIGH_RISK_019,0.9560932087650306
HIGH_RISK_020,0.9546273538725515
