feature,mean_abs_shap,mean_signed_shap,rank
device_brand,0.8984805414763057,-0.8984805414763057,1
voice_minutes_last_month,0.517206302936726,-0.021377890086367108,2
family_plan_flag,0.42525032194297385,-0.03763590684309869,3
arpu_last_month_inr,0.36021158828350097,-0.028036628543170607,4
circle_code,0.3252380892621989,-0.002064248865270639,5
avg_recharge_gap_days,0.26181433170773283,-0.035221648683100515,6
plan_type,0.2418450462932793,-0.005762867749425691,7
home_product,0.2363692624353972,0.009404030491637958,8
recharge_count_6m,0.2050955457650394,0.007448168383568922,9
outgoing_to_competitor_pct,0.19841099059269257,-0.005426869873851791,10
data_gb_3m_avg,0.17891054827540248,-0.004323248589802846,11
avg_sinr_db,0.17157000326576322,0.0059347698756842746,12
zone,0.15654846660687088,-0.006451166590093164,13
days_since_last_recharge,0.14795711757765864,0.0337064679737141,14
is_5g_device,0.1464325626588736,0.016551038609124668,15
payment_failures_6m,0.146206157146464,0.007642010998095362,16
circle,0.13851550228976525,0.013612314072523056,17
autopay_enabled,0.12788687131628867,-0.000532162722728107,18
plan_validity_days,0.09987564337646809,-0.03236630176210699,19
plan_price_inr,0.056283634658732005,-0.036612493004659186,20
sms_count_last_month,0.0545641066207907,-0.002661698417515577,21
data_gb_last_month,0.053582547138520245,0.005572360211603462,22
site_congestion_score,0.048850041142125204,-0.002773875627884988,23
tenure_months,0.044504111041329904,0.007160959189037632,24
app_logins_30d,0.04263658660749753,-0.003983379428434469,25
arpu_6m_avg_inr,0.042437190497054404,0.00015636239445985587,26
is_5g_active,0.03821419247223616,0.00226842183707167,27
complaints_6m,0.037218925665930734,-0.00010487042990237659,28
unresolved_complaints,0.034676617950393486,-0.0002893652239682764,29
num_services,0.03307073466649421,0.002417894690258166,30
drop_call_rate_pct,0.03131998840988692,0.0014013441823291712,31
avg_resolution_days,0.030580570257914726,0.0064636668992362895,32
offer_redeemed_90d,0.012101745570672494,-0.00034331482361112933,33
offer_exposed_90d,0.010032209143824172,8.331396407036158e-05,34
arpu_3m_avg_inr,0.0061618881390730846,-0.0002869474324327762,35
roaming_user_flag,0.006127421546929008,0.0002493846291306578,36
