explanation_id,churn_probability_30d,reason_rank,feature,feature_value,shap_value,abs_shap_value,direction
HIGH_RISK_001,0.9770512392773846,1,voice_minutes_last_month,170,1.793246665205342,1.793246665205342,increases churn risk
HIGH_RISK_001,0.9770512392773846,2,circle,Uttar Pradesh East,0.8707777326082765,0.8707777326082765,increases churn risk
HIGH_RISK_001,0.9770512392773846,3,recharge_count_6m,1,0.7894526719147686,0.7894526719147686,increases churn risk
HIGH_RISK_001,0.9770512392773846,4,data_gb_3m_avg,19.85,0.6906711921564054,0.6906711921564054,increases churn risk
HIGH_RISK_001,0.9770512392773846,5,arpu_last_month_inr,292.2,0.6012076164560703,0.6012076164560703,increases churn risk
HIGH_RISK_002,0.9755681541841356,1,voice_minutes_last_month,184,1.4935505966861389,1.4935505966861389,increases churn risk
HIGH_RISK_002,0.9755681541841356,2,device_brand,vivo,-1.031745217447575,1.031745217447575,decreases churn risk
HIGH_RISK_002,0.9755681541841356,3,plan_type,Prepaid,0.7029946438111413,0.7029946438111413,increases churn risk
HIGH_RISK_002,0.9755681541841356,4,recharge_count_6m,0,0.6263114838250686,0.6263114838250686,increases churn risk
HIGH_RISK_002,0.9755681541841356,5,data_gb_3m_avg,4.04,0.6256925715260667,0.6256925715260667,increases churn risk
HIGH_RISK_003,0.974699685443916,1,voice_minutes_last_month,505,1.660600207787971,1.660600207787971,increases churn risk
HIGH_RISK_003,0.974699685443916,2,device_brand,OPPO,-0.8023233124357243,0.8023233124357243,decreases churn risk
HIGH_RISK_003,0.974699685443916,3,circle,Uttar Pradesh East,0.727369648929528,0.727369648929528,increases churn risk
HIGH_RISK_003,0.974699685443916,4,data_gb_3m_avg,55.58,0.6474701975087617,0.6474701975087617,increases churn risk
HIGH_RISK_003,0.974699685443916,5,recharge_count_6m,0,0.6130151408414295,0.6130151408414295,increases churn risk
HIGH_RISK_004,0.9736831847984718,1,voice_minutes_last_month,65,1.554745350580808,1.554745350580808,increases churn risk
HIGH_RISK_004,0.9736831847984718,2,device_brand,Apple,-0.7714622210041748,0.7714622210041748,decreases churn risk
HIGH_RISK_004,0.9736831847984718,3,recharge_count_6m,0,0.7241555905226407,0.7241555905226407,increases churn risk
HIGH_RISK_004,0.9736831847984718,4,data_gb_3m_avg,20.88,0.6788189657179063,0.6788189657179063,increases churn risk
HIGH_RISK_004,0.9736831847984718,5,family_plan_flag,False,0.5608374980473085,0.5608374980473085,increases churn risk
HIGH_RISK_005,0.9725557502258553,1,voice_minutes_last_month,370,1.6682739328789273,1.6682739328789273,increases churn risk
HIGH_RISK_005,0.9725557502258553,2,device_brand,JioBharat / JioPhone,-0.7791770034532427,0.7791770034532427,decreases churn risk
HIGH_RISK_005,0.9725557502258553,3,arpu_last_month_inr,121.06,0.723880530390181,0.723880530390181,increases churn risk
HIGH_RISK_005,0.9725557502258553,4,recharge_count_6m,0,0.7003862037523442,0.7003862037523442,increases churn risk
HIGH_RISK_005,0.9725557502258553,5,data_gb_3m_avg,18.84,0.6663571337781793,0.6663571337781793,increases churn risk
HIGH_RISK_006,0.9718938005299194,1,voice_minutes_last_month,169,1.5774669059179567,1.5774669059179567,increases churn risk
HIGH_RISK_006,0.9718938005299194,2,device_brand,Xiaomi,-0.9109685918431506,0.9109685918431506,decreases churn risk
HIGH_RISK_006,0.9718938005299194,3,plan_type,Prepaid,0.8304088316230598,0.8304088316230598,increases churn risk
HIGH_RISK_006,0.9718938005299194,4,recharge_count_6m,0,0.7701751535009783,0.7701751535009783,increases churn risk
HIGH_RISK_006,0.9718938005299194,5,zone,North,0.6942849653904083,0.6942849653904083,increases churn risk
HIGH_RISK_007,0.971252831268184,1,voice_minutes_last_month,306,1.0213565260103816,1.0213565260103816,increases churn risk
HIGH_RISK_007,0.971252831268184,2,device_brand,vivo,-0.7728026786877782,0.7728026786877782,decreases churn risk
HIGH_RISK_007,0.971252831268184,3,arpu_last_month_inr,82.22,0.7090028001157613,0.7090028001157613,increases churn risk
HIGH_RISK_007,0.971252831268184,4,family_plan_flag,False,0.5928714739378523,0.5928714739378523,increases churn risk
HIGH_RISK_007,0.971252831268184,5,plan_type,Prepaid,0.5824176179087225,0.5824176179087225,increases churn risk
HIGH_RISK_008,0.9698917402867921,1,voice_minutes_last_month,161,1.7602198815278312,1.7602198815278312,increases churn risk
HIGH_RISK_008,0.9698917402867921,2,arpu_last_month_inr,208.66,0.858305537241845,0.858305537241845,increases churn risk
HIGH_RISK_008,0.9698917402867921,3,recharge_count_6m,0,0.8573670170906976,0.8573670170906976,increases churn risk
HIGH_RISK_008,0.9698917402867921,4,data_gb_3m_avg,48.87,0.806324670895864,0.806324670895864,increases churn risk
HIGH_RISK_008,0.9698917402867921,5,plan_type,Prepaid,0.6877560122755955,0.6877560122755955,increases churn risk
HIGH_RISK_009,0.9687511265515532,1,voice_minutes_last_month,163,1.64850441658527,1.64850441658527,increases churn risk
HIGH_RISK_009,0.9687511265515532,2,device_brand,vivo,-0.8494713285767521,0.8494713285767521,decreases churn risk
HIGH_RISK_009,0.9687511265515532,3,recharge_count_6m,0,0.7264333504739784,0.7264333504739784,increases churn risk
HIGH_RISK_009,0.9687511265515532,4,plan_type,Prepaid,0.635758032073263,0.635758032073263,increases churn risk
HIGH_RISK_009,0.9687511265515532,5,data_gb_3m_avg,19.27,0.5714466916255301,0.5714466916255301,increases churn risk
HIGH_RISK_010,0.965922590027993,1,voice_minutes_last_month,205,1.8281752496082255,1.8281752496082255,increases churn risk
HIGH_RISK_010,0.965922590027993,2,device_brand,Tecno,-0.9660101683832777,0.9660101683832777,decreases churn risk
HIGH_RISK_010,0.965922590027993,3,recharge_count_6m,0,0.7710024996648513,0.7710024996648513,increases churn risk
HIGH_RISK_010,0.965922590027993,4,data_gb_3m_avg,7.8,0.665914111060493,0.665914111060493,increases churn risk
HIGH_RISK_010,0.965922590027993,5,plan_type,Prepaid,0.6052024493389181,0.6052024493389181,increases churn risk
HIGH_RISK_011,0.9652622824934646,1,voice_minutes_last_month,119,1.566054807409677,1.566054807409677,increases churn risk
HIGH_RISK_011,0.9652622824934646,2,arpu_last_month_inr,120.32,0.771524718596028,0.771524718596028,increases churn risk
HIGH_RISK_011,0.9652622824934646,3,recharge_count_6m,1,0.7603733349869295,0.7603733349869295,increases churn risk
HIGH_RISK_011,0.9652622824934646,4,device_brand,realme,-0.6511569984314859,0.6511569984314859,decreases churn risk
HIGH_RISK_011,0.9652622824934646,5,data_gb_3m_avg,49.41,0.6447643734382847,0.6447643734382847,increases churn risk
HIGH_RISK_012,0.9624561153395901,1,voice_minutes_last_month,301,1.6282240028186357,1.6282240028186357,increases churn risk
HIGH_RISK_012,0.9624561153395901,2,arpu_last_month_inr,154.11,0.8184398210966212,0.8184398210966212,increases churn risk
HIGH_RISK_012,0.9624561153395901,3,recharge_count_6m,0,0.7695868177108012,0.7695868177108012,increases churn risk
HIGH_RISK_012,0.9624561153395901,4,device_brand,POCO,-0.7679055849370809,0.7679055849370809,decreases churn risk
HIGH_RISK_012,0.9624561153395901,5,data_gb_3m_avg,12.17,0.6981550082573258,0.6981550082573258,increases churn risk
HIGH_RISK_013,0.9599675096141326,1,voice_minutes_last_month,200,1.7198031854224496,1.7198031854224496,increases churn risk
HIGH_RISK_013,0.9599675096141326,2,device_brand,realme,-0.8852561043671147,0.8852561043671147,decreases churn risk
HIGH_RISK_013,0.9599675096141326,3,recharge_count_6m,0,0.7115043341787609,0.7115043341787609,increases churn risk
HIGH_RISK_013,0.9599675096141326,4,data_gb_3m_avg,7.67,0.6861234441670868,0.6861234441670868,increases churn risk
HIGH_RISK_013,0.9599675096141326,5,family_plan_flag,True,0.5928099582688389,0.5928099582688389,increases churn risk
HIGH_RISK_014,0.9590779620604427,1,voice_minutes_last_month,323,1.6162584738251609,1.6162584738251609,increases churn risk
HIGH_RISK_014,0.9590779620604427,2,device_brand,Apple,-0.8248604816493579,0.8248604816493579,decreases churn risk
HIGH_RISK_014,0.9590779620604427,3,recharge_count_6m,0,0.776444875144414,0.776444875144414,increases churn risk
HIGH_RISK_014,0.9590779620604427,4,arpu_last_month_inr,97.55,0.7566420893398551,0.7566420893398551,increases churn risk
HIGH_RISK_014,0.9590779620604427,5,data_gb_3m_avg,21.59,0.6488094601827907,0.6488094601827907,increases churn risk
HIGH_RISK_015,0.958513549478396,1,voice_minutes_last_month,261,1.8459798856252139,1.8459798856252139,increases churn risk
HIGH_RISK_015,0.958513549478396,2,recharge_count_6m,1,0.8612802498974383,0.8612802498974383,increases churn risk
HIGH_RISK_015,0.958513549478396,3,device_brand,vivo,-0.8391348594376784,0.8391348594376784,decreases churn risk
HIGH_RISK_015,0.958513549478396,4,data_gb_3m_avg,10.03,0.7436574469723208,0.7436574469723208,increases churn risk
HIGH_RISK_015,0.958513549478396,5,circle,Uttar Pradesh East,0.7018200564351305,0.7018200564351305,increases churn risk
HIGH_RISK_016,0.9581646341459524,1,voice_minutes_last_month,231,2.0472140634274774,2.0472140634274774,increases churn risk
HIGH_RISK_016,0.9581646341459524,2,recharge_count_6m,1,0.9069898069416145,0.9069898069416145,increases churn risk
HIGH_RISK_016,0.9581646341459524,3,arpu_last_month_inr,209.16,0.8735732884217864,0.8735732884217864,increases churn risk
HIGH_RISK_016,0.9581646341459524,4,data_gb_3m_avg,10.09,0.737701544856246,0.737701544856246,increases churn risk
HIGH_RISK_016,0.9581646341459524,5,family_plan_flag,False,0.668707455020441,0.668707455020441,increases churn risk
HIGH_RISK_017,0.9562370289635916,1,voice_minutes_last_month,33,1.9396241142458641,1.9396241142458641,increases churn risk
HIGH_RISK_017,0.9562370289635916,2,recharge_count_6m,1,0.7712215211894908,0.7712215211894908,increases churn risk
HIGH_RISK_017,0.9562370289635916,3,arpu_last_month_inr,227.38,0.75627986607842,0.75627986607842,increases churn risk
HIGH_RISK_017,0.9562370289635916,4,data_gb_3m_avg,9.07,0.7221627508027658,0.7221627508027658,increases churn risk
HIGH_RISK_017,0.9562370289635916,5,family_plan_flag,False,-0.6094659240511981,0.6094659240511981,decreases churn risk
HIGH_RISK_018,0.956113180174723,1,voice_minutes_last_month,151,1.3620793077281832,1.3620793077281832,increases churn risk
HIGH_RISK_018,0.956113180174723,2,device_brand,vivo,-0.9252940905011549,0.9252940905011549,decreases churn risk
HIGH_RISK_018,0.956113180174723,3,arpu_last_month_inr,77.4,0.7535102901324892,0.7535102901324892,increases churn risk
HIGH_RISK_018,0.956113180174723,4,recharge_count_6m,0,0.7473049632799743,0.7473049632799743,increases churn risk
HIGH_RISK_018,0.956113180174723,5,plan_type,Prepaid,0.6057933818456083,0.6057933818456083,increases churn risk
HIGH_RISK_019,0.9560932087650306,1,voice_minutes_last_month,635,1.767523336098334,1.767523336098334,increases churn risk
HIGH_RISK_019,0.9560932087650306,2,recharge_count_6m,0,0.926233808365257,0.926233808365257,increases churn risk
HIGH_RISK_019,0.9560932087650306,3,device_brand,JioBharat / JioPhone,-0.8636080305212454,0.8636080305212454,decreases churn risk
HIGH_RISK_019,0.9560932087650306,4,arpu_last_month_inr,251.42,0.7322264679602771,0.7322264679602771,increases churn risk
HIGH_RISK_019,0.9560932087650306,5,data_gb_3m_avg,3.4,0.6958590973217775,0.6958590973217775,increases churn risk
HIGH_RISK_020,0.9546273538725515,1,voice_minutes_last_month,181,1.7463238409430122,1.7463238409430122,increases churn risk
HIGH_RISK_020,0.9546273538725515,2,device_brand,POCO,-0.8803033871972785,0.8803033871972785,decreases churn risk
HIGH_RISK_020,0.9546273538725515,3,arpu_last_month_inr,157.16,0.8621019131496184,0.8621019131496184,increases churn risk
HIGH_RISK_020,0.9546273538725515,4,recharge_count_6m,0,0.8000083523492165,0.8000083523492165,increases churn risk
HIGH_RISK_020,0.9546273538725515,5,data_gb_3m_avg,147.51,0.7124040109777753,0.7124040109777753,increases churn risk
